row_id,rule_violation
0,0.9999999996304556
1,0.9863631621505141
2,3.2241866333029355e-8
3,0.999999999265073
4,0.9999999798235555
5,0.9926541730452225
6,0.9999999656787121
7,0.9999969105048154
8,0.9999994796426467
9,0.9999994631251881
10,0.9977481530772637
11,4.936989537931885e-6
12,0.9999999397642582
13,0.005554924449029013
14,0.9999359799283962
15,0.9999999559305942
16,0.9999516743791508
17,0.9845754493466681
18,0.9999097196425014
19,0.29421497216298875
20,4.356878425291134e-6
21,0.9850429122679637
22,0.999999288756471
23,0.2509127812837603
24,0.999995063010462
25,0.9999804741054846
26,0.9893474901614283
27,0.9999999898546464
28,0.9999995111694895
29,0.00012339461917113592
30,0.7606506526772884
31,0.9995271456183416
32,0.9999097196425014
33,0.9999999998506905
34,1.3574332962585767e-7
35,0.01798621187025419
36,0.99999422807997
37,0.9997694933390749
38,0.08269734550098795
39,0.9999999895325983
40,0.9997621778710508
41,0.9553191327485798
42,0.9987934103044489
43,0.9999990577554062
44,0.9999599363078029
45,0.991684219848227
46,0.10087861935113906
47,0.9990600560868689
48,0.000021444958641491428
49,0.41489884579676883
50,0.8438951104066295
51,0.014503578626453704
52,0.008061990984583519
53,0.9219218284193597
54,0.9999960330136123
55,0.9999992188517626
56,0.007815887019844698
57,8.764248496102857e-8
58,0.9433475772802017
59,0.9999999966017321
60,0.9965165758610702
61,0.9196425372343816
62,0.4073334000459302
63,0.9987551564771854
64,0.9999998085712103
65,0.999999814460854
66,0.46879062662624377
67,0.0010649624483902006
68,0.99937366589013
69,0.9999999989635868
70,0.9997765835655128
71,0.9999999837877711
72,0.8128673246376009
73,0.006289901135666448
74,0.9835969687460152
75,0.9999938558224681
76,0.9999997962251166
77,0.9999999295772838
78,0.9999999979388463
79,0.9999999984920278
80,0.9999996940976638
81,0.9999999451547391
82,0.999290329695098
83,0.9715639681901894
84,0.3629691917376782
85,2.994441338322032e-6
86,0.9999999468421502
87,0.9999968124336435
88,0.9952447997772297
89,2.190782104892756e-6
90,0.9999999993514292
91,0.018546566309080526
92,0.9999962733611601
93,0.9999999934496673
94,0.9770226275810572
95,0.9999999586006244
96,0.9968273169307178
97,0.9997468435152752
98,0.9808759631442908
99,0.9999999798235555
100,0.9999999982912435
101,0.9999999732705538
102,0.49218813572079556
103,0.061875992210939715
104,0.9999956431215747
105,4.840077318761141e-8
106,0.9999998642566703
107,0.8596637523076225
108,0.999981657102302
109,0.9999998024946094
110,0.9615338070171763
111,0.0053849370015672145
112,0.8705972717658208
113,0.9999999928058669
114,0.23370636225126956
115,0.99979657295342
116,0.8438951104066295
117,0.9999999810459842
118,0.4073334000459302
119,3.156127157769189e-7
120,0.11596071519881657
121,0.9999999451547391
122,0.001325022200004762
123,0.9999999677581336
124,0.9999999397642582
125,0.9998977001214217
126,0.10087861935113906
127,0.9911526461910967
128,0.19193279569159502
129,0.8933094110250331
130,0.9999832985701904
131,0.9999992428852392
132,0.001987774066425167
133,0.9999996743686644
134,0.9996946510093417
135,0.0044683841359893966
136,0.9999995686085639
137,0.9999999997959181
138,0.0351448448849122
139,0.990587409656913
140,0.9999999940358542
141,1.706182832076048e-6
142,0.9964063976003252
143,0.11279540553729422
144,0.9999997214727788
145,0.9952447997772297
146,0.994088930941271
147,0.977713813649052
148,0.9999998802069302
149,0.9999989969859118
150,0.9999999176675044
151,0.000054759789305172656
152,0.9999999999483999
153,0.9381240077890602
154,0.7772998611746911
155,7.4112781047984106e-6
156,0.0015487614480278714
157,0.9999999598743493
158,0.9304582521195072
159,0.9999969105048154
160,0.4378234991142019
161,0.9998147742157588
162,1.2878956762413533e-6
163,0.9999991940554757
164,0.9999749284001825
165,0.9999916019299676
166,0.9999999434137637
167,0.9999955048194933
168,0.9999966068535691
169,0.9999857144823514
170,0.0000302419513100631
171,0.999998827357647
172,0.999997186982516
173,0.991684219848227
174,8.764248496102857e-8
175,0.9999531611102186
176,0.999860177975717
177,0.9999999990853685
178,0.9962927470946552
179,0.9999999687501117
180,0.9999798543067497
181,1.3287778191852582e-6
182,0.00009915273067156278
183,0.999999977137093
184,0.7826624890918021
185,0.9715639681901894
186,0.9971990727096725
187,0.9999995686085639
188,0.798186775339273
189,0.9999930377420901
190,0.9999999378521706
191,0.011687259437185585
192,0.0293122327122782
193,0.9999993916411809
194,0.9999992188517626
195,0.8397339756938818
196,0.9999339478395425
197,0.9999999451547391
198,1.7429787866544607e-7
199,0.9997901168914051
200,0.999997186982516
201,0.9999999416175239
202,0.9999646437450659
203,0.9999997690928124
204,0.9999678076731947
205,0.9648551551150879
206,0.999987780925437
207,0.9658995737968803
208,0.9999998802069302
209,0.6297746074044134
210,0.7248702821204019
211,0.9999986290421393
212,0.999999998394772
213,0.9796676467686469
214,0.000033214190970250366
215,7.734422230943586e-8
216,0.9999996423639543
217,0.9999936607918634
218,0.04885777741035708
219,0.7310585786300049
220,0.9999832985701904
221,0.9999999998597366
222,0.999999999445248
223,0.9999756997476769
224,0.9999993524054333
225,0.07369627224912274
226,0.061875992210939715
227,0.999884080699044
228,0.9999296881742672
229,0.010986941578116865
230,0.00011235326653716753
231,0.002631674240722588
232,0.3998116407397951
233,0.9998876467334629
234,0.000011125603509314034
235,0.9999998555019791
236,0.9999873930507553
237,0.9981324337256748
238,0.9999999226557776
239,0.973240719434058
240,0.99999998219435
241,6.893608811646252e-7
242,0.999999903743562
243,0.9994115910730376
244,0.9935117297189483
245,0.9999959070879744
246,0.999931851245549
247,0.03732688948593843
248,0.9992445944029035
249,8.398070032421943e-6
250,0.9996079581474623
251,0.0780781715806404
252,0.999864479199467
253,3.059023363247549e-7
254,0.9995416870382753
255,0.9961755166560732
256,0.9999999598743493
257,0.523420348936324
258,0.9999999995941349
259,0.004905404780589826
260,0.0023967313911954784
261,0.7931059462938815
262,1.725782769012759e-8
263,0.999998585523327
264,0.9999976679243621
265,0.9999999572864673
266,0.9999999677581336
267,0.9999999378521706
268,0.9999999378521706
269,0.999998494298813
270,0.9999999434137637
271,0.9999999598743493
272,0.9999999150539906
273,0.9999999378521706
274,0.999860177975717
275,0.977713813649052
276,0.9928785710402486
277,0.9669140207770578
278,0.9999999598743493
279,0.9999999397642582
280,0.000014738989000878718
281,0.09807931622061719
282,0.9994966644882969
283,0.9399133496156019
284,0.9998313472685123
285,0.9999999981810384
286,0.9971990727096725
287,0.275129717879598
288,0.9999992428852392
289,0.9999959070879744
290,0.9999764473870788
291,0.9999611688994183
292,0.9965165758610702
293,0.9637799419242934
294,0.9999516743791508
295,0.9995416870382753
296,0.9999932519476056
297,0.9999991684720715
298,0.9999999989635868
299,0.9996079581474623
300,0.9997546304391173
301,0.006903836628141824
302,3.059023363247549e-7
303,0.9859363735766059
304,0.275129717879598
305,0.9908743643119329
306,0.0008295890015896191
307,0.9999999416175239
308,0.9999999378521706
309,0.18242551491653522
310,0.07369627224912274
311,0.9964063976003252
312,2.1691723135379272e-7
313,0.9997131459636
314,0.010013570327733808
315,0.010986941578116865
316,0.9999945777829692
317,0.8840392848011833
318,0.9854964213735464
319,0.014063626423394072
320,0.999864479199467
321,0.998245385578074
322,0.0005527785524441058
323,2.4061034870279747e-6
324,0.9324533116759811
325,0.9959298622161507
326,0.0005033355117032025
327,0.9999756997476769
328,0.990587409656913
329,5.093706824804725e-6
330,0.8840392848011833
331,0.9994806950199447
332,0.9962927470946552
333,0.9999995686085639
334,0.9999546021475793
335,0.9999998724809418
336,0.014063626423394072
337,0.9755769117211129
338,0.9999068541032865
339,0.999999984286569
340,0.831143045767024
341,0.9999999885038083
342,0.0009110513587503458
343,0.9999097196425014
344,0.9999999934496673
345,0.999973311470437
346,0.9999999992417439
347,9.132548018951385e-7
348,0.9263037277508772
349,0.9896718458243023
350,0.999116954286251
351,0.9999678076731947
352,0.9999999634651793
353,0.99493966744756
354,0.9845754493466681
355,0.9999999952076744
356,0.9974490870887855
357,0.999998790134028
358,0.9999988634360183
359,0.9996317021428595
360,0.9046505376715775
361,0.9999956431215747
362,0.9999810748540134
363,0.09534946232842245
364,0.00007484626298776402
365,0.9999832985701904
366,0.3007455852086007
367,0.00007031182573275366
368,0.9999999559305942
369,0.9859363735766059
370,0.9999916019299676
371,0.9998726888987107
372,0.9999559988102182
373,0.9896718458243023
374,0.99999998327314
375,0.9999956431215747
376,0.994088930941271
377,0.9999999959009065
378,0.9928785710402486
379,0.9999203269524037
380,0.999860177975717
381,0.9999949062931753
382,0.6076631627277604
383,3.8070158009258306e-7
384,0.9999516743791508
385,0.002550912911214397
386,0.0011695103004128338
387,0.9992206338652304
388,0.9993332978389398
389,0.999999288756471
390,0.9933071487351836
391,0.9999907765331889
392,0.004070137783849419
393,0.9998259944841504
394,0.05033062939240752
395,0.11279540553729422
396,0.9539661002182845
397,0.999999997664407
398,0.999998827357647
399,0.9995557816849124
400,0.00009610239214580366
401,0.9999956431215747
402,0.9763105292606628
403,0.9999993106391187
404,0.0037072529053448575
405,6.083588191471314e-7
406,0.9999452402106948
407,0.42250463481418826
408,0.00337661276801696
409,0.9999203269524037
410,0.00002753568782174604
411,0.9999945777829692
412,0.9999989651467365
413,0.9999097196425014
414,0.9999999925775007
415,0.9999981837778127
416,0.014503578626453704
417,0.9996430293877169
418,0.8840392848011833
419,0.9999999545316812
420,8.851568248941973e-7
421,0.9999999667346671
422,0.9999921107355331
423,0.9740426422370712
424,0.9999008472693284
425,0.9999999764113464
426,0.8558511524823263
427,0.9998088956192805
428,0.9999857144823514
429,0.9999999095754442
430,0.9999706884684413
431,0.9999838124185659
432,0.9999999928058669
433,0.005220125635523485
434,0.1871326753623991
435,0.9962927470946552
436,1.4144766730550664e-6
437,0.9984021548352578
438,0.5698526514141571
439,0.9999978766210312
440,0.9987934103044489
441,0.999999841299973
442,0.999999288756471
443,0.3923368372722396
444,0.005220125635523485
445,0.9999925887218952
446,0.3486451285660856
447,0.03963884023547296
448,2.190782104892756e-6
449,0.8774768002981829
450,0.6297746074044134
451,6.475945666070602e-7
452,2.726469945665712e-6
453,0.9950945952194101
454,0.9999991940554757
455,0.000036478546348360466
456,0.9999741325658438
457,0.9999999980637253
458,0.9982992778231793
459,0.9981324337256748
460,0.03846619298282359
461,0.00030534899065814974
462,0.9999999892003274
463,0.999999977137093
464,9.93119450976052e-8
465,0.9999611688994183
466,0.04742587351415913
467,0.9999999816291382
468,0.9999999938465318
469,0.0001911043807195511
470,0.9899864296722661
471,0.9999999993096
472,0.03410042620311981
473,0.998245385578074
474,0.9999998838925749
475,0.9999967112493663
476,0.9999599363078029
477,0.9926541730452225
478,0.9999991684720715
479,0.9999895484519488
480,0.0013670255069146825
481,2.037748833611667e-7
482,0.9263037277508772
483,2.058049354947254e-6
484,0.9999963880178
485,0.9999999667346671
486,0.9928785710402486
487,0.9999999677581336
488,0.999998585523327
489,0.005220125635523485
490,0.999999999265073
491,0.9999892166852066
492,0.9965165758610702
493,0.9999982396569966
494,0.9999999434137637
495,0.11920291732853862
496,0.9999995947452874
497,0.9999999940358542
498,0.9999991148431752
499,0.9988304896995872
500,0.9999865799848968
501,0.49218813572079556
502,0.9999999975137741
503,0.9999916019299676
504,0.9914225147446858
505,0.9999983971895854
506,0.00016346475872086765
507,0.9999952149055051
508,0.9999999964938595
509,0.05033062939240752
510,1.2751905808907768e-7
511,0.9993121488438244
512,0.9999546021475793
513,0.9999991420765644
514,0.9937100988643336
515,0.008847353808903185
516,0.999464219474744
517,1.1610742498850317e-7
518,0.00004400118978179431
519,0.03846619298282359
520,0.9999546021475793
521,0.0027149861050945762
522,1.7805649937290278e-8
523,3.8070158009258306e-7
524,0.99999998219435
525,0.9999999994788586
526,0.994088930941271
527,0.9964063976003252
528,0.7248702821204019
529,0.999851161501337
530,0.3998116407397951
531,0.9999999932417374
532,0.9999999948985958
533,0.9999999987883104
534,0.31405055141190724
535,0.989013058421883
536,0.9999998874648246
537,0.999860177975717
538,0.015424550653331922
539,0.9999997617630333
540,0.8596637523076225
541,0.9999756997476769
542,0.9715639681901894
543,0.907312217601206
544,0.9999749284001825
545,0.9999999987498471
546,0.8558511524823263
547,0.917302654499012
548,0.9999124970235886
549,0.9992445944029035
550,8.059445243531904e-7
551,0.99999998327314
552,0.999998540623083
553,0.04084572028835886
554,0.9999898700126424
555,0.9999999484776454
556,0.00008220191410226617
557,0.9999996192984199
558,8.851568248941973e-7
559,0.9999999873739035
560,0.9999997214727788
561,0.9988304896995872
562,0.01798621187025419
563,0.9999999847700205
564,0.9615338070171763
565,0.00006014152483703953
566,0.8031737940012418
567,0.9999869928761863
568,0.9678992967553628
569,0.997527377056997
570,0.9999999885038083
571,0.001410358436282299
572,0.9999991684720715
573,0.5467381519846138
574,0.9999972735300542
575,0.9999999978059133
576,0.9999999973534264
577,0.9999999966017321
578,0.00016346475872086765
579,0.912436161072216
580,0.010013570327733808
581,0.9996430293877169
582,0.9999687980960601
583,0.9999928167361751
584,0.0002694790494263197
585,0.9999968124336435
586,0.99767683794902
587,0.9977481530772637
588,0.9999999706434466
589,0.9999999724220702
590,0.9964063976003252
591,0.00002753568782174604
592,0.7826624890918021
593,0.9999901816706759
594,0.9875683463797992
595,0.7879311856832191
596,0.9935117297189483
597,0.999999288756471
598,0.9999983971895854
599,0.9994296841818422
600,0.9974490870887855
601,0.9999999930272072
602,0.9999963880178
603,0.1403362476923775
604,0.9496693706075925
605,0.0001313517646193531
606,0.9999999586006244
607,0.9989350375516098
608,0.0003353500316799018
609,0.9999995947452874
610,0.006289901135666448
611,0.9999990278453811
612,0.9999986712221809
613,0.0006263341098699961
614,2.7852722121574085e-7
615,0.9999068541032865
616,0.004198795588833998
617,0.9998911030646598
618,0.9998911030646598
619,0.9960545939601573
620,0.9999996533672548
621,0.00010229987857839044
622,0.9999999990853685
623,0.000018342897697990773
624,0.010013570327733808
625,0.0009110513587503458
626,0.00006402007160378846
627,0.9960545939601573
628,0.9999999954980265
629,0.999290329695098
630,0.9999379494967002
631,0.9959298622161507
632,0.04084572028835886
633,0.9999967112493663
634,3.466327450774257e-7
635,0.9996430293877169
636,0.9999892166852066
637,0.9924227580773226
638,0.9999861539888353
639,0.9999994796426467
640,0.5698526514141571
641,0.9999999992876845
642,0.9995121428190181
643,0.9999999715466527
644,0.999999974890009
645,0.001325022200004762
646,0.9902915252466367
647,0.9937100988643336
648,0.9999999993907243
649,0.9999999993096
650,0.16451646904109268
651,0.00021654407062505403
652,0.9999970055586617
653,0.9998804013800376
654,0.9999998201692922
655,0.4455295350395727
656,0.37754066879814546
657,0.23370636225126956
658,0.999973311470437
659,0.9999938558224681
660,5.043476486929152e-7
661,1.4593769169593532e-6
662,0.9770226275810572
663,0.9999999992876845
664,0.9994296841818422
665,0.6076631627277604
666,0.9999916019299676
667,0.9999998764042903
668,0.999999288756471
669,0.9999989969859118
670,0.9678992967553628
671,0.0351448448849122
672,0.09009300251274102
673,0.9802808737289318
674,0.1871326753623991
675,0.6859494485880928
676,0.0008559005270359918
677,0.9999984465028011
678,0.000011478768126328688
679,0.9926541730452225
680,0.9999999856927584
681,0.9999999697115696
682,0.9999999982912435
683,0.9999999913222192
684,0.9999999810459842
685,0.5078118642792044
686,0.9999999998762181
687,0.9999798543067497
688,0.016403031253984703
689,0.9999999451547391
690,1.706182832076048e-6
691,0.6859494485880928
692,0.9987934103044489
693,0.9977481530772637
694,0.9999724643121783
695,0.9999996192984199
696,0.06371498758495588
697,0.9933071487351836
698,0.9999994796426467
699,0.9999359799283962
700,0.00002668852956311377
701,0.02096424284433403
702,0.08269734550098795
703,0.9983515171411081
704,0.9999961550649413
705,0.9999999645892373
706,0.9999999957707875
707,1.0677029973235123e-6
708,0.0004173158237957614
709,0.000014285517648638257
710,0.9999810748540134
711,0.997527377056997
712,0.9999124970235886
713,0.9999995549147358
714,0.9999996310113719
715,0.9987551564771854
716,0.999998293817168
717,0.9971990727096725
718,0.977713813649052
719,2.6729446161905607e-8
720,0.7490872187162397
721,0.9999999500628214
722,0.9999999295772838
723,0.16451646904109268
724,0.9999996423639543
725,0.9997219691462774
726,0.9996200154674056
727,0.9990302481419004
728,0.5389832206876841
729,0.9980732657060568
730,0.00003426848643750197
731,0.9304582521195072
732,0.9999999611088859
733,0.9999944056629535
734,0.9416541589789721
735,0.06754668832401889
736,0.012821213618276688
737,0.9993332978389398
738,0.0008295890015896191
739,5.4304164837773595e-9
740,0.8558511524823263
741,5.838247613150426e-8
742,1.8553914607279394e-7
743,0.41489884579676883
744,0.00017400551584945728
745,2.4337437742580198e-8
746,0.9706877672877219
747,0.0017546144219260113
748,3.844935058717364e-6
749,0.000016187581434031322
750,0.018546566309080526
751,0.0044683841359893966
752,6.023574193117954e-8
753,0.7772998611746911
754,0.9999715902638385
755,0.48438008427698437
756,0.1871326753623991
757,0.9999999915892065
758,0.9999986290421393
759,1.8738753836477887e-6
760,8.233249566700854e-8
761,0.9999435020533369
762,0.09807931622061719
763,0.9999785550413585
764,0.14804719991116141
765,0.9999792148345249
766,0.9999417087274893
767,0.9999611688994183
768,0.19193279569159502
769,0.9999966068535691
770,0.0007096703049020562
771,0.00857748525531428
772,0.99999998219435
773,0.99999422807997
774,0.991684219848227
775,0.0012065896955511597
776,0.004905404780589826
777,0.9999999907625504
778,6.1534680336516355e-9
779,5.60279640614594e-9
780,0.9863631621505141
781,0.9988304896995872
782,0.9999861539888353
783,0.9999913353458194
784,0.9997388096898188
785,0.9999646437450659
786,0.9999981261246162
787,0.999999841299973
788,0.004905404780589826
789,0.000011478768126328688
790,0.9998204719907495
791,0.9999068541032865
792,0.9399133496156019
793,0.9999999515992267
794,0.9999993524054333
795,0.9999999960270225
796,0.9999999932417374
797,0.99767683794902
798,0.999998585523327
799,0.9999978766210312
800,0.9999861539888353
801,2.9356553451156157e-8
802,0.9955316158640106
803,0.9986329744930854
804,0.9999869928761863
805,0.9999999358793866
806,0.9997040427936351
807,0.9996540084587592
808,0.9999097196425014
809,0.9984021548352578
810,0.31405055141190724
811,0.012821213618276688
812,0.9999997830827687
813,0.9997834559293749
814,0.9999485577863259
815,0.001325022200004762
816,0.9999991148431752
817,0.9999999943972036
818,0.9902915252466367
819,0.000054759789305172656
820,0.9999999950555496
821,0.0012065896955511597
822,0.0010987313252676443
823,0.995668497027513
824,0.9196425372343816
825,0.9993121488438244
826,0.9999999530883621
827,4.356878425291134e-6
828,0.999999999683912
829,0.9381240077890602
830,8.059445243531904e-7
831,0.0009399439131311984
832,0.9999804741054846
833,8.398070032421943e-6
834,0.7606506526772884
835,0.2509127812837603
836,0.9999687980960601
837,0.9992678187601866
838,0.0351448448849122
839,0.9989677690217064
840,0.9999687980960601
841,0.9871787863817233
842,0.9998876467334629
843,0.9997694933390749
844,0.9999274563733135
845,0.9942697540156207
846,0.9999999957707875
847,0.999999814460854
848,0.999999999845951
849,0.9999983971895854
850,2.1024339116182104e-7
851,0.9219218284193597
852,0.5774953651858118
853,0.9996946510093417
854,0.9999203269524037
855,0.00009314589671339239
856,9.329493907946132e-8
857,0.9999923534626501
858,0.024423088278887034
859,0.9999978766210312
860,0.04468086725142007
861,0.7772998611746911
862,0.999973311470437
863,0.18242551491653522
864,0.5926665999540697
865,0.9999999898546464
866,0.8031737940012418
867,0.99767683794902
868,0.9999999992876845
869,0.000013007123813725573
870,0.9999398584751629
871,0.9999994956523514
872,0.9999999572864673
873,0.9999999634651793
874,0.9999991940554757
875,0.990587409656913
876,0.9999901816706759
877,0.9999999943972036
878,0.9999999971827371
879,0.9999999968076227
880,0.9999999986692192
881,0.9999999981810384
882,0.9999999983438166
883,0.9999771720055343
884,0.798186775339273
885,0.999864479199467
886,0.9999947446017871
887,0.0000681487544511357
888,0.9999980666415416
889,0.9964063976003252
890,0.9748211581622429
891,0.000045397852420729034
892,0.99999999977586
893,0.9999975938965131
894,2.2159489282323004e-8
895,0.9999962733611601
896,0.99999998219435
897,0.9999999451547391
898,0.999999988857509
899,0.9978842970590139
900,0.00022341643448714715
901,0.999999086745198
902,0.9999999847700205
903,0.9999678076731947
904,0.9999999940358542
905,1.6536891917493862e-6
906,0.99767683794902
907,0.22270013882530884
908,0.999116954286251
909,0.999999999445248
910,0.9999999915892065
911,0.9999999500628214
912,0.9999999971827371
913,0.999999988857509
914,0.9921841129801554
915,0.9591542797116411
916,0.9999097196425014
917,0.04208773121980142
918,0.000013846011164630788
919,0.9997131459636
920,0.9999888743964908
921,0.9942697540156207
922,0.9999998257021214
923,0.9999999978734184
924,0.9999999960270225
925,0.9999996423639543
926,0.009708474753363424
927,0.9999995818810775
928,0.9999764473870788
929,0.00020342704657999323
930,0.9998313472685123
931,0.9999339478395425
932,0.9893474901614283
933,0.00012339461917113592
934,0.9999995407862193
935,0.9525741264858409
936,0.9999999634651793
937,0.9999888743964908
938,0.9566342020088154
939,0.9997694933390749
940,0.9019206837793828
941,0.9987156918691149
942,0.9999999943972036
943,0.9999999915892065
944,0.014957087732036366
945,0.9999961550649413
946,0.002472622943003016
947,0.9999983971895854
948,0.9999996192984199
949,0.977713813649052
950,0.9999999358793866
951,0.9947798743644765
952,0.41489884579676883
953,0.9967269343024145
954,0.9999999611088859
955,0.0001488384986630124
956,0.9971990727096725
957,0.9999997126313782
958,0.9928785710402486
959,0.9999798543067497
960,0.9999417087274893
961,0.9999452402106948
962,0.999144099472964
963,0.9999993723298112
964,0.600188359260205
965,0.9999715902638385
966,0.3486451285660856
967,0.014503578626453704
968,0.5774953651858118
969,4.092912025774258e-6
970,0.9579122687801985
971,0.9591542797116411
972,0.9987934103044489
973,2.8736862175764295e-7
974,0.9999999986692192
975,0.99999998219435
976,0.9999996843872841
977,0.9999724643121783
978,0.9999999715466527
979,0.9996430293877169
980,0.9999996423639543
981,0.9997694933390749
982,0.9999885212318737
983,0.9986329744930854
984,0.9770226275810572
985,1.3574332962585767e-7
986,0.999999996149258
987,0.7371581568543043
988,0.9999999885038083
989,0.000012606949244634996
990,0.9999359799283962
991,0.9995416870382753
992,0.9999999904693223
993,0.9859363735766059
994,0.9999822214544976
995,0.006692851264816554
996,0.9814534336909195
997,0.9999398584751629
998,0.6584175139669997
999,7.734422230943586e-8
1000,0.9961755166560732
1001,0.9999993106391187
1002,0.9706877672877219
1003,0.9999857144823514
1004,2.2603251062511995e-6
1005,0.9999949062931753
1006,0.02096424284433403
1007,0.9999999997614042
1008,0.9999999978734184
1009,0.998245385578074
1010,0.9999996423639543
1011,0.9999999940358542
1012,0.007345826954777488
1013,0.9999966068535691
1014,0.9999986290421393
1015,0.0002868540364001373
1016,0.9999994103584029
1017,0.9999724643121783
1018,0.013222822590784698
1019,0.9996946510093417
1020,0.9999998642566703
1021,0.9999993524054333
1022,0.5621765008857981
1023,0.000033214190970250366
1024,0.0009110513587503458
1025,1.3287778191852582e-6
1026,0.0012065896955511597
1027,0.99999998219435
1028,0.9219218284193597
1029,0.9999999901667861
1030,0.9999611688994183
1031,0.9999847931596311
1032,0.9999999865595903
1033,0.9984021548352578
1034,0.06754668832401889
1035,0.16026602430611822
1036,0.9999997897566089
1037,0.00002212567436532397
1038,0.00035697061228301934
1039,0.9998259944841504
1040,0.6370308082623217
1041,0.999999086745198
1042,0.9875683463797992
1043,0.9994115910730376
1044,0.9999785550413585
1045,0.999999977137093
1046,0.9740426422370712
1047,7.646537349898716e-6
1048,0.9999980052700407
1049,2.3320756378558803e-6
1050,0.04084572028835886
1051,0.0023967313911954784
1052,0.9999996940976638
1053,0.9999999993096
1054,0.37754066879814546
1055,0.9324533116759811
1056,0.000011125603509314034
1057,0.9999953621272556
1058,0.9999999943972036
1059,5.203573532958167e-7
1060,0.9999904837483063
1061,0.999915188958582
1062,0.00003763646510006124
1063,0.9241418267688303
1064,1.9333584585511295e-6
1065,0.9971990727096725
1066,0.9999203269524037
1067,0.9972850138949054
1068,0.04084572028835886
1069,0.9999998362622943
1070,9.736200303530205e-10
1071,0.9986329744930854
1072,0.999447221447556
1073,0.9981897891414502
1074,0.9997131459636
1075,0.07585817323116976
1076,0.14414884751767362
1077,0.37754066879814546
1078,0.9999987517288075
1079,0.9879462195410589
1080,0.9999999934496673
1081,0.9999923534626501
1082,0.4610167793123159
1083,0.9999999724220702
1084,0.999290329695098
1085,0.9999989969859118
1086,0.20689405370611846
1087,0.26284184314569564
1088,0.9999999176675044
1089,0.03410042620311981
1090,0.9999885212318737
1091,0.9748211581622429
1092,0.9399133496156019
1093,0.013222822590784698
1094,0.6370308082623217
1095,0.999884080699044
1096,0.9997546304391173
1097,0.05665242271979842
1098,0.9999940448592318
1099,0.20689405370611846
1100,0.9999398584751629
1101,4.099093422706265e-9
1102,0.9808759631442908
1103,0.9999398584751629
1104,0.9955316158640106
1105,0.9999970055586617
1106,0.9304582521195072
1107,0.0695417478804929
1108,0.9979492563838431
1109,0.9999967112493663
1110,0.5078118642792044
1111,0.9999999123575151
1112,0.03210070324463719
1113,0.9998088956192805
1114,0.9987934103044489
1115,0.9416541589789721
1116,0.00012339461917113592
1117,0.9999861539888353
1118,0.9997305209505737
1119,0.7718434978390747
1120,0.9902915252466367
1121,0.9999944056629535
1122,0.9999957771650452
1123,0.00007031182573275366
1124,0.999144099472964
1125,0.9999934595635529
1126,0.9999980666415416
1127,0.000021444958641491428
1128,0.9999999920987906
1129,0.9808759631442908
1130,0.998451238551972
1131,0.9999999791830863
1132,2.2603251062511995e-6
1133,0.9999999697115696
1134,0.01798621187025419
1135,0.999999996149258
1136,0.999998585523327
1137,0.9999999994948925
1138,0.9999999898546464
1139,0.9999999996635258
1140,0.00002753568782174604
1141,0.9999531611102186
1142,2.7852722121574085e-7
1143,0.41489884579676883
1144,0.9919380090154164
1145,0.9999832985701904
1146,0.9999999980637253
1147,0.999144099472964
1148,0.35577489351363034
1149,0.9999999837877711
1150,0.9999997761970781
1151,0.9952447997772297
1152,0.9995271456183416
1153,0.9999999983438166
1154,0.999998494298813
1155,0.9986749777999954
1156,0.9999966068535691
1157,0.9999999950555496
1158,0.9946150629984327
1159,0.0011695103004128338
1160,0.5544704649604273
1161,0.9615338070171763
1162,0.9999999962677331
1163,0.9999999226557776
1164,0.9999999947366598
1165,0.999999900688055
1166,0.9921841129801554
1167,0.9999999545316812
1168,0.9999945777829692
1169,0.9999999977362657
1170,0.999999927341827
1171,0.9999999667346671
1172,0.9999999468421502
1173,0.07585817323116976
1174,0.960361159764527
1175,5.53917038426632e-7
1176,0.9993332978389398
1177,0.9324533116759811
1178,0.007345826954777488
1179,0.9999999974348528
1180,0.999851161501337
1181,0.9637799419242934
1182,0.9993332978389398
1183,0.5851011542032312
1184,0.9997546304391173
1185,0.5698526514141571
1186,0.9964063976003252
1187,0.9999999847700205
1188,0.9999998874648246
1189,0.999851161501337
1190,0.9997901168914051
1191,0.8774768002981829
1192,0.005730245984379375
1193,0.9999999907625504
1194,0.12940272823417906
1195,0.00015843623599953396
1196,0.9496693706075925
1197,0.991684219848227
1198,0.9999999982912435
1199,0.831143045767024
1200,0.9995694429072773
1201,0.9999989322970027
1202,0.13660839178375975
1203,0.9985896415637177
1204,0.9999756997476769
1205,0.9343951602572964
1206,0.9999999317439627
1207,0.9999966068535691
1208,0.9989012686747324
1209,0.99999422807997
1210,0.9999999987498471
1211,0.9999999715466527
1212,0.9416541589789721
1213,0.9999398584751629
1214,0.9999988634360183
1215,0.9999516743791508
1216,0.999999086745198
1217,0.99886643118354
1218,0.9999999932417374
1219,0.9983515171411081
1220,0.917302654499012
1221,0.9999485577863259
1222,0.9999995549147358
1223,0.9999998599477152
1224,0.9481545306033299
1225,4.785094494835719e-6
1226,0.9994966644882969
1227,0.0035936023996747954
1228,0.10669058897496679
1229,0.9999999986692192
1230,0.003075369179754187
1231,0.9433475772802017
1232,0.9999962733611601
1233,1.6536891917493862e-6
1234,0.9999999572864673
1235,0.9997219691462774
1236,0.9999993723298112
1237,5.093706824804725e-6
1238,0.9566342020088154
1239,0.000315038828619097
1240,0.9999646437450659
1241,0.999999903743562
1242,0.9970189674189265
1243,0.0015978451647420651
1244,0.0004442183150875949
1245,0.0012065896955511597
1246,0.9999999634651793
1247,0.9999999785222864
1248,0.9970189674189265
1249,1.4761402311078024e-8
1250,0.995801204411166
1251,0.999836535241279
1252,0.9999999378521706
1253,0.9999999715466527
1254,0.275129717879598
1255,0.1037486365654557
1256,3.156127157769189e-7
1257,0.9999857144823514
1258,0.9999999982370018
1259,0.999999974890009
1260,0.9999999989635868
1261,0.9999999966017321
1262,0.9999999816291382
1263,0.014957087732036366
1264,1.1610742498850317e-7
1265,0.0293122327122782
1266,0.9999999545316812
1267,0.8438951104066295
1268,0.9999999901667861
1269,0.995801204411166
1270,0.9999417087274893
1271,0.0031726830692822713
1272,0.9999967112493663
1273,0.9854964213735464
1274,0.7490872187162397
1275,0.9996200154674056
1276,0.9999999484776454
1277,0.9999910603004984
1278,0.9999996310113719
1279,0.9999999706434466
1280,0.9999994103584029
1281,0.9999999150539906
1282,0.008061990984583519
1283,0.999290329695098
1284,0.015424550653331922
1285,0.00004400118978179431
1286,0.7248702821204019
1287,0.9999999930272072
1288,0.9937100988643336
1289,0.999998827357647
1290,0.9999997897566089
1291,1.522997951276035e-8
1292,0.9942697540156207
1293,8.579234357751966e-7
1294,0.05500528751889617
1295,0.012821213618276688
1296,0.9995826841762042
1297,0.9999980666415416
1298,0.0009110513587503458
1299,0.000804085962940771
1300,0.9999925887218952
1301,7.183263824896686e-6
1302,0.9999810748540134
1303,0.917302654499012
1304,0.0004583129617247757
1305,0.9999999980637253
1306,0.9987934103044489
1307,0.7606506526772884
1308,0.2689414213699951
1309,0.9999531611102186
1310,0.9999990278453811
1311,0.999674964210662
1312,0.9999792148345249
1313,0.9995121428190181
1314,0.9999996423639543
1315,0.9999988634360183
1316,0.9933071487351836
1317,0.9999999994788586
1318,0.08035746276561835
1319,0.9999999378521706
1320,0.9999916019299676
1321,2.058049354947254e-6
1322,0.9999928167361751
1323,0.9999646437450659
1324,0.9999999724220702
1325,0.9985896415637177
1326,0.28776782186926264
1327,0.9999657315135625
1328,0.9999999918479795
1329,0.9942697540156207
1330,0.9999964991468375
1331,0.9999999611088859
1332,0.7248702821204019
1333,0.9999930377420901
1334,0.9978842970590139
1335,0.9999999895325983
1336,0.9999998024946094
1337,0.9987156918691149
1338,0.9999997617630333
1339,0.9999999993308415
1340,0.9999843104427929
1341,0.03308597922294221
1342,1.14961917166371e-8
1343,0.9999994956523514
1344,0.9935117297189483
1345,0.9999892166852066
1346,0.9998557401026267
1347,0.9999928167361751
1348,0.9973683257592774
1349,0.9999741325658438
1350,0.9219218284193597
1351,0.9579122687801985
1352,0.0005193049800551674
1353,0.9999988984045087
1354,0.9999999515992267
1355,0.04208773121980142
1356,0.7826624890918021
1357,0.9999999434137637
1358,0.0015978451647420651
1359,0.9196425372343816
1360,0.014503578626453704
1361,0.9999994956523514
1362,0.9999999977362657
1363,0.9999999988255901
1364,0.9998464376041601
1365,0.9999925887218952
1366,0.9883127405628144
1367,0.0010649624483902006
1368,0.9998804013800376
1369,0.9973683257592774
1370,0.0038244833439267808
1371,0.9999999559305942
1372,0.9808759631442908
1373,0.9999999873739035
1374,0.9998944531803756
1375,0.9999999983438166
1376,0.9999998909271676
1377,0.9706877672877219
1378,0.9986329744930854
1379,9.93119450976052e-8
1380,0.9999398584751629
1381,0.9999999986269756
1382,0.9966233872319832
1383,0.9999038976078541
1384,0.9999901816706759
1385,0.999915188958582
1386,0.9999901816706759
1387,0.9886682462390922
1388,0.9997834559293749
1389,0.9997765835655128
1390,0.9999991940554757
1391,0.9999998975355556
1392,0.9099069974872589
1393,0.9999798543067497
1394,0.9433475772802017
1395,0.9998977001214217
1396,0.9896718458243023
1397,0.9999982396569966
1398,0.9966233872319832
1399,1.3156694698133258e-7
1400,1.6893529760720503e-7
1401,0.9990889486412496
1402,0.000022827994465703145
1403,0.9996200154674056
1404,0.9999999973534264
1405,0.9967269343024145
1406,5.4845260911330566e-8
1407,5.838247613150426e-8
1408,0.979035757155666
1409,4.5468318716048165e-8
1410,0.973240719434058
1411,0.9999999123575151
1412,0.999915188958582
1413,0.9998464376041601
1414,0.7057850278370112
1415,2.7852722121574085e-7
1416,0.9999531611102186
1417,0.9998876467334629
1418,0.9965165758610702
1419,4.840077318761141e-8
1420,0.9999646437450659
1421,0.14414884751767362
1422,0.5621765008857981
1423,0.999998827357647
1424,0.9835969687460152
1425,0.9748211581622429
1426,0.9999792148345249
1427,0.999985261010999
1428,0.9999999202006086
1429,0.9999999999200804
1430,0.9935117297189483
1431,0.03410042620311981
1432,0.9999999953551186
1433,0.9999999997210531
1434,0.9999925887218952
1435,0.0028895806206369976
1436,0.9999997126313782
1437,0.9999822214544976
1438,0.9989677690217064
1439,0.9999949062931753
1440,0.03308597922294221
1441,0.9999999901667861
1442,0.9883127405628144
1443,0.9999994956523514
1444,0.9995557816849124
1445,5.53917038426632e-7
1446,0.0006878511561755446
1447,0.9999986712221809
1448,0.999999974890009
1449,0.9999861539888353
1450,0.9984021548352578
1451,3.0288430461900305e-8
1452,0.0293122327122782
1453,0.9863631621505141
1454,0.9980732657060568
1455,0.9999964991468375
1456,0.9999996843872841
1457,0.9219218284193597
1458,0.9740426422370712
1459,0.9999960330136123
1460,4.5921378059866044e-7
1461,0.9999973574148093
1462,0.9999998642566703
1463,0.9999857144823514
1464,0.994088930941271
1465,0.9999999892003274
1466,0.0001488384986630124
1467,0.9999999572864673
1468,0.5698526514141571
1469,0.9999997300421581
1470,0.9999999910467569
1471,0.03210070324463719
1472,0.9999999677581336
1473,0.9999999358793866
1474,0.9999999989635868
1475,0.9999999904693223
1476,0.9241418267688303
1477,0.9999724643121783
1478,0.9999869928761863
1479,0.9998557401026267
1480,0.9970189674189265
1481,0.9835969687460152
1482,0.9984988180062319
1483,0.9999999667346671
1484,0.9999999977362657
1485,0.9999999095754442
1486,0.8991213806488609
1487,0.3629691917376782
1488,0.9989677690217064
1489,0.0028009272903275605
1490,0.999860177975717
1491,0.9973683257592774
1492,0.9999756997476769
1493,0.9999967112493663
1494,3.059023363247549e-7
1495,0.9996849611713808
1496,0.005911069058728917
1497,0.9999995407862193
1498,0.0012843081308850904
1499,0.9999999998308102
1500,0.0022518469227362924
1501,0.9999999986692192
1502,0.9999984465028011
1503,0.9999999998360156
1504,0.087563838927784
1505,0.9999930377420901
1506,0.8840392848011833
1507,2.1233789686808042e-6
1508,0.9999949062931753
1509,0.001987774066425167
1510,0.000016701429809483402
1511,0.9999999852385977
1512,0.000046838889781435415
1513,0.9999980052700407
1514,0.9999936607918634
1515,1.8954015673910487e-8
1516,0.9999918603034941
1517,0.010986941578116865
1518,0.9999999984441597
1519,0.003075369179754187
1520,0.9989350375516098
1521,5.53917038426632e-7
1522,0.9284088005554476
1523,0.9999895484519488
1524,0.9998804013800376
1525,0.05500528751889617
1526,0.9999997617630333
1527,0.9999999907625504
1528,0.0012843081308850904
1529,0.13296423160844623
1530,3.726638839912802e-6
1531,0.9999847931596311
1532,1.621222878484146e-8
1533,0.9999999697115696
1534,1.38670541688737e-8
1535,0.9999857144823514
1536,0.9995271456183416
1537,0.9978842970590139
1538,0.9999999645892373
1539,0.99767683794902
1540,0.9999998764042903
1541,5.36874811935349e-7
1542,0.9999999250354091
1543,0.9999804741054846
1544,0.9999993723298112
1545,0.9977481530772637
1546,0.9997901168914051
1547,0.004905404780589826
1548,0.9999999936511998
1549,3.68988628165337e-7
1550,0.2568319970758679
1551,0.99999998219435
1552,0.9999997962251166
1553,0.00003883110058169922
1554,0.9999999645892373
1555,0.9999999984441597
1556,0.04084572028835886
1557,2.1233789686808042e-6
1558,5.955140768331919e-6
1559,0.9999989969859118
1560,0.0008295890015896191
1561,0.9875683463797992
1562,2.0816913725037726e-8
1563,0.9449947124811038
1564,0.9999999923418853
1565,7.183263824896686e-6
1566,0.9999435020533369
1567,0.9999999959009065
1568,0.9999923534626501
1569,0.9988304896995872
1570,0.5312093733737563
1571,0.9999999837877711
1572,0.0014550627830884635
1573,0.9999999991407833
1574,0.999915188958582
1575,0.9850429122679637
1576,0.999999999618725
1577,0.9688561703644735
1578,0.9990302481419004
1579,0.9999989969859118
1580,0.9999898700126424
1581,0.997110419379363
1582,0.9999892166852066
1583,0.9995416870382753
1584,0.9999997300421581
1585,0.9999997300421581
1586,0.9879462195410589
1587,0.9999993524054333
1588,1.4593769169593532e-6
1589,0.9999938558224681
1590,0.0010005044957413633
1591,0.9999359799283962
1592,8.398070032421943e-6
1593,0.9995955184388503
1594,0.9983515171411081
1595,0.9982992778231793
1596,0.999851161501337
1597,0.9999992428852392
1598,0.9999999667346671
1599,0.9999990278453811
1600,0.9999999484776454
1601,0.9999559988102182
1602,2.190782104892756e-6
1603,0.9995121428190181
1604,0.9999998085712103
1605,0.9196425372343816
1606,0.9999898700126424
1607,0.9999930377420901
1608,0.7490872187162397
1609,0.9481545306033299
1610,0.907312217601206
1611,0.00831578015177299
1612,7.183263824896686e-6
1613,0.37754066879814546
1614,0.999998293817168
1615,0.3923368372722396
1616,0.999987780925437
1617,0.9997621778710508
1618,3.3596798026982805e-7
1619,0.9976032686088045
1620,0.3486451285660856
1621,0.9999785550413585
1622,0.9999999724220702
1623,0.9997694933390749
1624,0.9999999999122255
1625,0.9999810748540134
1626,3.3265333000524344e-8
1627,0.8633916082162403
1628,0.9046505376715775
1629,0.9820137881297457
1630,0.9999995262092161
1631,0.9886682462390922
1632,0.9999999645892373
1633,2.309071875895335e-7
1634,0.9968273169307178
1635,0.9999999954980265
1636,0.9985449372169115
1637,0.9999999981232983
1638,2.8736862175764295e-7
1639,0.9999999986692192
1640,0.9991704109984103
1641,0.9999977396748937
1642,0.09534946232842245
1643,0.9998259944841504
1644,0.9724147202714208
1645,0.9999999920987906
1646,0.00003219232680540536
1647,1.0348532635506445e-6
1648,0.9999904837483063
1649,0.9999999687501117
1650,0.6297746074044134
1651,0.9996540084587592
1652,0.999997186982516
1653,0.9970189674189265
1654,0.8267117919359419
1655,0.7057850278370112
1656,0.9999913353458194
1657,0.04468086725142007
1658,0.9999989969859118
1659,0.999998827357647
1660,0.9999997383478857
1661,0.9999999994094697
1662,0.09534946232842245
1663,0.9796676467686469
1664,0.9678992967553628
1665,0.9999999667346671
1666,0.9999979419506452
1667,0.9999452402106948
1668,0.15610488959337065
1669,0.9962927470946552
1670,0.3415824860330004
1671,0.9999857144823514
1672,5.771920030068829e-6
1673,0.37754066879814546
1674,0.061875992210939715
1675,0.8740772335247531
1676,0.7718434978390747
1677,2.358865351977047e-8
1678,0.9416541589789721
1679,0.8807970826714613
1680,0.9999792148345249
1681,0.8438951104066295
1682,0.997110419379363
1683,0.1871326753623991
1684,0.9999932519476056
1685,0.9999998975355556
1686,0.0005884089269625609
1687,0.015424550653331922
1688,0.9648551551150879
1689,0.9999999980637253
1690,0.9999398584751629
1691,2.9023119851992187e-6
1692,0.9999996640320198
1693,0.002182716953960533
1694,0.9886682462390922
1695,0.9999952149055051
1696,0.9999873930507553
1697,0.000025867434156255456
1698,0.0002780308537225942
1699,0.0001313517646193531
1700,0.999999984286569
1701,0.9999999892003274
1702,0.9967269343024145
1703,0.00002668852956311377
1704,0.9999999907625504
1705,0.0031726830692822713
1706,0.9845754493466681
1707,0.9999827684251963
1708,0.9999792148345249
1709,0.45326184801538616
1710,0.9284088005554476
1711,0.9999994460829615
1712,0.9999998555019791
1713,0.9999994284997573
1714,0.9999881568567394
1715,1.0677029973235123e-6
1716,0.7772998611746911
1717,0.9999953621272556
1718,0.3998116407397951
1719,0.9999999785222864
1720,0.0005527785524441058
1721,0.960361159764527
1722,0.9999999798235555
1723,0.9999970055586617
1724,0.015424550653331922
1725,0.9999979419506452
1726,0.014063626423394072
1727,0.999999086745198
1728,0.9999999997296354
1729,0.9999999964938595
1730,0.0023231620509800107
1731,0.9999999656787121
1732,0.9999999978734184
1733,0.9999996533672548
1734,0.9974490870887855
1735,0.08269734550098795
1736,0.8774768002981829
1737,0.000054759789305172656
1738,0.9999986712221809
1739,0.9999997300421581
1740,0.9999623635349
1741,0.9999916019299676
1742,0.9980732657060568
1743,0.9999986290421393
1744,0.9999869928761863
1745,0.9999724643121783
1746,0.9996849611713808
1747,0.00006205050329991051
1748,0.14804719991116141
1749,5.152235470472121e-8
1750,0.999447221447556
1751,0.999999999782756
1752,0.9978842970590139
1753,0.999999814460854
1754,0.9993929245314718
1755,0.9999959070879744
1756,0.9973683257592774
1757,0.99886643118354
1758,0.9979492563838431
1759,0.983085089985496
1760,0.6076631627277604
1761,0.9999798543067497
1762,0.9970189674189265
1763,0.9637799419242934
1764,0.9997305209505737
1765,0.9999993723298112
1766,0.9648551551150879
1767,0.9998147742157588
1768,0.9740426422370712
1769,0.9992678187601866
1770,0.9999999971827371
1771,0.999116954286251
1772,0.9999999434137637
1773,0.9999981837778127
1774,0.9999999778405106
1775,0.8872045944627058
1776,0.9999962733611601
1777,0.5698526514141571
1778,5.203573532958167e-7
1779,0.9999559988102182
1780,0.9924227580773226
1781,0.3486451285660856
1782,0.9999996940976638
1783,0.9997040427936351
1784,0.9999999913222192
1785,0.999999996149258
1786,0.99999998813888
1787,0.9999999999881211
1788,0.9964063976003252
1789,0.9999998838925749
1790,0.9999999885038083
1791,0.999998293817168
1792,0.9304582521195072
1793,0.00009314589671339239
1794,0.9999999967062858
1795,0.9999546021475793
1796,0.00002212567436532397
1797,0.9999724643121783
1798,0.9999999999005384
1799,0.9999995407862193
1800,2.2603251062511995e-6
1801,0.37754066879814546
1802,0.9984021548352578
1803,0.9899864296722661
1804,0.9999999724220702
1805,0.9658995737968803
1806,0.9999999953551186
1807,0.9999999954980265
1808,0.9999995262092161
1809,0.999999086745198
1810,0.999999984286569
1811,0.9999996310113719
1812,0.999998585523327
1813,0.9999999176675044
1814,0.9999995549147358
1815,0.9416541589789721
1816,0.99999998219435
1817,0.9999999515992267
1818,0.9999996843872841
1819,0.9999999778405106
1820,0.9999999397642582
1821,0.9999999764113464
1822,0.9999975938965131
1823,0.9999999923418853
1824,0.9999895484519488
1825,0.9999999885038083
1826,0.9999998257021214
1827,0.9999999697115696
1828,0.9999999982370018
1829,0.9999998802069302
1830,0.9979492563838431
1831,0.9999990577554062
1832,0.999931851245549
1833,0.9999999572864673
1834,0.9999999952076744
1835,0.025957357762928745
1836,0.9998259944841504
1837,0.9999999572864673
1838,0.9999963880178
1839,0.9999999634651793
1840,0.0010322309782936526
1841,0.9999999861329458
1842,0.9999999981810384
1843,0.0583458410210279
1844,0.9999435020533369
1845,0.9579122687801985
1846,0.9999379494967002
1847,0.9999999992176742
1848,0.9875683463797992
1849,0.04885777741035708
1850,0.9999978766210312
1851,0.9999998975355556
1852,0.8558511524823263
1853,0.9046505376715775
1854,0.9996079581474623
1855,0.9999999943972036
1856,0.99999998219435
1857,0.9999999996635258
1858,0.9999999856927584
1859,0.9999953621272556
1860,0.9999999995254956
1861,0.9946150629984327
1862,0.9984021548352578
1863,0.9989350375516098
1864,0.8596637523076225
1865,0.9970189674189265
1866,0.00032503578933791935
1867,0.9999999967062858
1868,0.999999288756471
1869,0.9999646437450659
1870,0.9999999791830863
1871,0.9999999932417374
1872,2.6729446161905607e-8
1873,0.9433475772802017
1874,0.000012219074562959139
1875,6.339208136787267e-6
1876,6.144177531850823e-6
1877,0.999998827357647
1878,0.9928785710402486
1879,0.9999996310113719
1880,0.0010322309782936526
1881,0.9863631621505141
1882,0.00015843623599953396
1883,0.48438008427698437
1884,0.00007484626298776402
1885,3.8891114210091253e-8
1886,0.00009314589671339239
1887,0.9983515171411081
1888,0.0017007221768206937
1889,0.9854964213735464
1890,0.9990302481419004
1891,0.9999983463108082
1892,0.999999998394772
1893,0.9999861539888353
1894,0.9999999996936368
1895,0.9999715902638385
1896,0.999998293817168
1897,0.9999804741054846
1898,0.9999940448592318
1899,0.00006402007160378846
1900,0.9999983463108082
1901,0.9999901816706759
1902,0.9999251537370123
1903,0.9999997962251166
1904,0.09268778239879398
1905,0.3345894478883556
1906,0.8596637523076225
1907,0.9999827684251963
1908,0.6442251064863697
1909,0.9999892166852066
1910,0.9999999898546464
1911,0.9626731105140616
1912,0.9999964991468375
1913,0.9999970976880148
1914,0.0053849370015672145
1915,0.9998944531803756
1916,0.9149009526726544
1917,2.590706758057049e-8
1918,0.9999978092178952
1919,0.9999981837778127
1920,0.9973683257592774
1921,0.9997546304391173
1922,0.9999999930272072
1923,0.0004728543816584347
1924,0.9999999598743493
1925,0.9999968124336435
1926,0.9999987121043237
1927,0.9416541589789721
1928,0.9991704109984103
1929,0.0035936023996747954
1930,0.9840936066554105
1931,0.9999952149055051
1932,0.9999992661791943
1933,0.9859363735766059
1934,0.999999996905842
1935,0.9990889486412496
1936,0.0351448448849122
1937,0.999985261010999
1938,0.9998766053808289
1939,0.9999827684251963
1940,3.059023363247549e-7
1941,0.9511422225896429
1942,0.0003459915412409113
1943,7.889264466933239e-6
1944,0.3486451285660856
1945,0.999999086745198
1946,0.9343951602572964
1947,0.8705972717658208
1948,0.00006605216045749982
1949,0.9755769117211129
1950,0.06371498758495588
1951,0.9999999997296354
1952,0.013222822590784698
1953,0.9999999515992267
1954,0.9999999932417374
1955,0.9449947124811038
1956,0.9999972735300542
1957,0.917302654499012
1958,0.9997901168914051
1959,0.9998944531803756
1960,0.9999913353458194
1961,0.00433150297248697
1962,0.973240719434058
1963,0.9997388096898188
1964,0.9928785710402486
1965,0.9999999611088859
1966,0.7549149868676283
1967,0.9947798743644765
1968,0.9999970055586617
1969,0.0012843081308850904
1970,0.9999999963825628
1971,0.9999843104427929
1972,0.9997219691462774
1973,0.9990600560868689
1974,0.9886682462390922
1975,1.2098659719807352e-6
1976,0.9999861539888353
1977,0.9999981837778127
1978,2.642585190793824e-6
1979,0.9974490870887855
1980,2.5109990926928157e-8
1981,0.999981657102302
1982,0.990587409656913
1983,0.9999999981232983
1984,0.9994806950199447
1985,0.994445075550971
1986,0.9999999873739035
1987,0.003945406039842732
1988,0.9997388096898188
1989,0.9999964991468375
1990,0.9999999913222192
1991,0.9999996843872841
1992,7.901209342174968e-9
1993,5.043476486929152e-7
1994,0.9988304896995872
1995,9.818329324033296e-6
1996,1.2878956762413533e-6
1997,0.9999999991135089
1998,0.9999998838925749
1999,0.9999999645892373
2000,0.48438008427698437
2001,0.9999998838925749
2002,0.9999999985833912
2003,0.9999038976078541
2004,0.7772998611746911
2005,0.9999999980637253
2006,0.999999288756471
2007,0.9999980666415416
2008,0.9999999816291382
2009,5.4304164837773595e-9
2010,0.999999814460854
2011,0.012053780458941033
2012,0.9999991940554757
2013,6.023574193117954e-8
2014,0.00016346475872086765
2015,1.975053905434422e-7
2016,0.9999983463108082
2017,0.9999959070879744
2018,0.9999999724220702
2019,0.9999980666415416
2020,0.000019525894515401004
2021,0.9999999901667861
2022,0.9999991940554757
2023,0.9999983971895854
2024,0.9999923534626501
2025,0.9875683463797992
2026,0.00003763646510006124
2027,0.00010554681962438095
2028,0.9999274563733135
