body,subreddit
"Dry drowning is just drowning that occurs out of water, as the most basic definition. If you were to die while being waterboarded, you would have dry-drowned, because your body isn't submerged. 

Really it's just secondary drowning, where liquid remains in the lungs and makes it very difficult for lungs to re-oxygenate the blood.",tifu
Dont do nice things for people. Take what you can benefit from in the purse and leave it.,tifu
"Wowza, that is insane",tifu
"Please link here, apparently I missed something great",tifu
"You deserve to be fucked with a cactus. 

But being called Satan will do. ",tifu
[To Alcohol! The cause of... and solution to... all of life's problems.](https://www.youtube.com/watch?v=hUVwR0rw5fk),tifu
Why did you remove it? I wanted to read it,tifu
go fuck yourself,tifu
You can find it in the Automotive department at Walmart ,tifu
Today you fucked up by being a karma whore,tifu
LoL,tifu
"So how did you send him the pics, GTAV on the PC?",tifu
"Liar. Non-Lawyers can't own/be part owner/ share interest in a law firm.  Explain this shit, nerd.
",tifu
"I honestly have no clue, posted it from mobile once and came back to this ",tifu
Bruh you're retarded,tifu
"Hi MilesofBooby, thanks for submitting to /r/tifu!

However, your submission, *TIFU by being somewhere I don't belong*, has been removed because you have violated one of our rules, which can be located in the sidebar.

* **RULE 2:** 
 
 * 2c. Common, mundane, unoriginal and/or non-noteworthy posts will be removed. 

 * Consider posting in the [common fuck-ups megathread](https://www.reddit.com/r/tifu/search?sort=new&restrict_sr=on&q=flair%3Amegathread), which is stickied on the frontpage.



---
*^Please ^refer ^to ^our [**^detailed ^rules,**](/r/tifu/w/rules) ^our [**^suggested ^subreddits**](/r/tifu/w/subs) ^& ^list ^of [**^common ^fuck ^ups**](/r/tifu/wiki/commonfuckups) ^before ^sending ^us ^a ^message.*

*^If ^you ^have ^any ^questions, ^we ^ask ^that ^you  [^message ^the ^moderators](https://www.reddit.com/message/compose?to=/r/tifu&subject=My submission was removed&message=I have a question regarding the removal of this [submission](https://www.reddit.com/r/tifu/comments/4mdvtd/tifu_by_being_somewhere_i_dont_belong/\):) ^directly ^for ^appeals.*",tifu
[Pakistani Escort in Dubai](http://www.cheapdubaiescorts.club/2014/03/zoya-independent-call-girls-in-dubai.html),tifu
"They're all cowards.

That's why they need the man with the tiny hands to comfort them. ""There there, Putin will protect us.""",tifu
You nasty MF.,tifu
You are a fucking retard. ,tifu
Why didn't you confess to your stupid lie? What a dick move.,tifu
"Wow.

I can't believe these kind of obviously fake stories make it to the front page.

Opie, post your hospital bracelet for us you. ",tifu
"Although fuck this kid, he is still just that - a kid",tifu
How do you feel about being anally penetrated? ,tifu
"Sounds like the kid needs to be on a leash. Actually, all children, autistic or not, should be kept on leashes because you never know when those little shits are just going to bolt into traffic or be halfway across the damned mall before you even blink. ",tifu
Autism at it's core,tifu
[At least you warned them ](https://imgur.com/gallery/i1ZwA) ,tifu
She's gonna end up being a whore later on in life,tifu
"> you're trying to work out a hairball or talking around a cold sore. 

HAH! Yeah, that's pretty accurate.

""Rooodje""

""No, Roooje""

""That's what I said!""",tifu
"Holy fuck this is TIFU of the year, and it's only October!",tifu
why did fuck wud u say that about the teacher,tifu
Are you 12? This sounds like a middleschool story,tifu
"Serves you right, you little fuck nugget. I can't even imagine what reason you'd have for creating that compressed file other than to be a cancer child, but nice 1, OP. Ya dun goofed.",tifu
Ever heard of the placebo effect? ,tifu
Do some bad deeds now. I like to shoot the neighborhood cats.,tifu
"This is maybe the worst attempt at a shitty pun chain I've ever seen and no, I'm not adding to it just because I said 'shitty.'",tifu
"Sounds like your sisters girlfriend needs to get the fuck over herself, honestly. ",tifu
"Similar thing happened to me.

It's why I got this: https://www.amazon.com/Safety-1st-Clear-Stove-Covers/dp/B00068O22S",tifu
You need a new girlfriend op.,tifu
"Perfectly reasonable? You would have to be retarded to not understand that we wouldn't be able to continue dating after her dad threw me out of the house and told me not to come back. 

I don't understand why you think that I was surprised by the result of him finding me in her closet? I said no such thing to give you that idea. That's all you bud.",tifu
You're retarded OP,tifu
"Hi Alex_Demote, thanks for submitting to /r/tifu!

However, your submission, *TIFU by ordering $1.2 million in appliances for nonexistent homes*, has been removed because you have violated one of our rules, which can be located in the sidebar.

* **RULE 2:** 
 
 * 2e. This isn't a fuck-up. Nothing bad happened to you as a result. 

 * Consider posting in the [common fuck-ups megathread](https://www.reddit.com/r/tifu/search?sort=new&restrict_sr=on&q=flair%3Amegathread), which is stickied on the frontpage.

* **RULE 3:** Posts without full context will be removed. Please flesh out your story more.

* Feel free to flesh out your post with details about the consequences delivered by your boss. Someone looking upset as a result is not enough.



---
*^Please ^refer ^to ^our [**^detailed ^rules,**](/r/tifu/w/rules) ^our [**^suggested ^subreddits**](/r/tifu/w/subs) ^& ^list ^of [**^common ^fuck ^ups**](/r/tifu/wiki/commonfuckups) ^before ^sending ^us ^a ^message.*

*^If ^you ^have ^any ^questions, ^we ^ask ^that ^you  [^message ^the ^moderators](https://www.reddit.com/message/compose?to=/r/tifu&subject=My submission was removed&message=I have a question regarding the removal of this [submission](https://www.reddit.com/r/tifu/comments/4qsl42/tifu_by_ordering_12_million_in_appliances_for/\):) ^directly ^for ^appeals.*",tifu
I'm not editing all of those ,tifu
I'll call bs for everyone else,tifu
"Fuck you mods. Deleting every fucking post.
",tifu
I'm going to download the app. Don't care!,tifu
Should lose your mod on the grounds of inability to use logic. ,tifu
"Can I ask where you're from, OP?",tifu
"This is hilariously fake, I don't understand how this many people believe this.",tifu
This shit is fake as hell. Link to local news reporting on it or GTFO!,tifu
No offence to you personally but I hate people who discredit the image of communism like you. Now even the least left-leaning politicians are considered socialist or communist when they are FAR from that.,tifu
You can install Steam / move the Steam folder to the flash drive. It makes everything incredibly slow though and non steam games may or may not work.,tifu
Thrown off sure but not slugged and kicked ,tifu
"You deserve it, moron. Get a fucking job.",tifu
"hi

https://steamcommunity.com/id/xdestron",tifu
[Sadly relevant](https://i.ytimg.com/vi/_eYCBors9GE/hqdefault.jpg),tifu
Tanzania.,tifu
You're an idiot. ,tifu
"Oh god. Yet another post with an overly-sensitive person. *Triggered!* The internet is not a place for you. And it was less of a joke, more of a metaphor. Take another downvote.",tifu
"Last time I checked, the fuck up came from him not deleting his texts. Don't see how mod's point is valid. ",tifu
Wow. You really are an idiot.,tifu
"To go ahead and get all poodantic,


When the problem comes down to getting the poop past the final portal (even if this is due to an earlier constipation problem which caused the poop to hang out in the colon ((which did it's job of pulling our water (((our true precious body fluid, out of the waste soup brought from above by the small ((((but 'small' only in diameter relative to the much, much shorter 'large' intestine (((((thereby changing that once-normal, soft and cigar-shaped poop into a collection of sticky little pellets that congealed into a Fuck-Me-Sideways! Stellated Rhombicosidodecahedron, which has as much chance getting through the rectal vault and out the anus as a rich fat man and the camel he's riding ((((((a man who it happens, is holding a 40 cubit, 100 stone bible, would have getting through security at the lillipution version of a Jerusalem airport (((((((where security is run by that place's version of Black Panthers))))))),)))))),))))),)))),))),)),).


Dulcolax, Ex-Lax, or (my otherwise recommended) Miralax is not the tool for this job. By virtue of the way those work, this problem you are 'stuck' with will only become a more uncomfortable problem.

A more uncomfortable, and still unresolved problem.

 What we have here is a problem for a glycerin suppository. The glycerin will 'melt' the Fuck-Me-Sideways Stellated Rhombicosidodecahedron to the degree that will allow it to squeeze through and out. Depending upon the size (and number) of what needs to be 'melted' an additional treatment might be necessary.
Yes, some other poodantant might recommend an enema of one type or another, but c'mon now, we don't need to start with that degree of complexity and potential messiness! I always say Keep It Simple!

Before resorting to an enema, Monsieur should first enjoy a nice little glycerin suppository, eh? Very nice. Just one, nice, slippery little suppository. ",tifu
"you have to beat the shit out of him when he does it, and if you hear him knocking dishes down, get up, grab your cat and give him a beating where he knocked it down. Rinse and repeat until the cat dies or learns that he is not allowed on the counter. 

I promise you that he will stop doing that shortly. ",tifu
"Hi awesomeness243, thanks for submitting to /r/tifu!

However, your submission, *TIFU and got laughed at by a cop*, has been removed because you have violated one of our rules, which can be located in the sidebar.

* **RULE 2c:** [Common, mundane, unoriginal and/or non-noteworthy posts will be removed.](https://www.reddit.com/r/tifu/wiki/commonfuckups)

 * Feel free to post this in the weekly [Common Fuckup Megathread](https://www.reddit.com/r/tifu/search?sort=new&restrict_sr=on&q=flair%3Amegathread)
 
 > Being embarrassed is a common fuck-up.



---
*^Please ^refer ^to ^our [**^detailed ^rules,**](/r/tifu/w/rules) ^our [**^suggested ^subreddits**](/r/tifu/w/subs) ^& ^list ^of [**^common ^fuck ^ups**](/r/tifu/wiki/commonfuckups) ^before ^sending ^us ^a ^message.*

*^If ^you ^have ^any ^questions, ^we ^ask ^that ^you  [^message ^the ^moderators](https://www.reddit.com/message/compose?to=/r/tifu&subject=My submission was removed&message=I have a question regarding the removal of this [submission](https://www.reddit.com/r/tifu/comments/51269m/tifu_and_got_laughed_at_by_a_cop/\):) ^directly ^for ^appeals.*",tifu
fuck up cunt,tifu
"I'm a bot, *bleep*, *bloop*. Someone has linked to this thread from another place on reddit:

- [/r/retiredgif] [\/u\/jonahlew retires a gif of sweeping.](https://np.reddit.com/r/retiredgif/comments/4sqxv1/ujonahlew_retires_a_gif_of_sweeping/)

[](#footer)*^(If you follow any of the above links, please respect the rules of reddit and don't vote in the other threads.) ^\([Info](/r/TotesMessenger) ^/ ^[Contact](/message/compose?to=/r/TotesMessenger))*

[](#bot)",tifu
I want pics.,tifu
"What a fucking cunt. I met a guy at unemployment office who used to make 120k a year and lost his job, wife and kids over being over the limit at the border. He had 2 drinks and openly admitted knowing it was over supper. He ended up losing his job, than his wife left him and now he doesn't have his kids. Even worse he got mugged the first night walking home to his new place. But he said on the bright side he got layed a few lakes later meeting a woman at a local bar. I asked him what keeps you going?  And he said Im not dumb,  rather fight and scratch my way out of this, than live miserable. I'm guessing youre the same way.",tifu
"Honestly you're the kind of mod it should be okay to be rude to. So, **fuck you**.",tifu
"I don't,,,,, like you aren't stupid you're actually retarded. ",tifu
"> how many instagram followers i had




If their friend was anywhere near as vacuous as them, I think you're better off.",tifu
"50K for an abortion? Jeez man ""falling"" down the stairs is free :-P (seriously don't use this advice)",tifu
spoken like a true cuck,tifu
You mean a Black Lives Matter protest.,tifu
Or just do them both again op and kys,tifu
/u/love_the_heat ,tifu
Remember suicide is always a valid option. But stay strong brother.,tifu
"i don't believe you, need to see the pictures ",tifu
http://imgur.com/a/O0d45,tifu
Is your vagina that huge that you lose shit in it? ,tifu
">The terminally ill children are absolutely being used.

.... no one said they aren't... 

> Let me ask you this- how is your donating money to this organization going to help the kids they are putting in front of you.

... I never said it was... nor did I tell you to give them any money... 


are you fucking retarded guy? seriously. what the fuck is wrong with you? ",tifu
Automotive for fucks sake ,tifu
You should have beat the dog to death in front of Your girlfriend to show her what will happend if she ever fucks up ,tifu
Thats why i have trust issues with long reddit posts.,tifu
You asshole....,tifu
"You sent this guy to jail, of course he wants to kill you. Mind your own fucking business lady. ",tifu
"Original post for anyone that missed it 
https://www.ceddit.com/r/tifu/comments/5k4b1w/tifu_by_pulling_my_groin_while_masturbating/",tifu
Haha...slut.,tifu
Can't believe that's a human being...,tifu
"This happened to me too!

I was making love in my car with Maria Carey, and then suddenly an old lady appears at the window with a Sliptknot hoodie on!

Maria shat herself, and I was left to finish myself off with Mr Muscle!

tl;dr - Loves the jobs you hate.",tifu
the stupidity in this one is real.,tifu
"Thank you for submitting to /r/tifu, /u/charithaka.  Your submission, *TIFU Life sucks with current job. unable to quit from job, No enough money for spent my parents.*, has been removed because it violates our rules, which are located in the sidebar.

* **RULE 11:** Your post must end with a TL;DR summary that is descriptive of your post if it is flaired Medium or larger.  At minimum, your TL;DR summary must contain your fuckup and its consequences.



---
*^Refer ^to ^our [**^detailed ^rules,**](/r/tifu/w/rules) ^our [**^suggested ^subreddits**](/r/tifu/w/subs) ^& ^list ^of [**^common ^fuck ^ups**](/r/tifu/wiki/commonfuckups) ^before ^sending ^us ^a ^message.  ^Questions ^already ^answered ^in ^these ^links ^will ^not ^be ^answered ^if ^you ^message ^us.*

*^If ^you ^have ^any ^questions, ^you ^can ^message ^the ^mod ^team ^using ^the ^link ^in ^the ^sidebar.  ^Replies ^to ^this ^removal ^comment ^may ^not ^be ^answered.*",tifu
[You can read it here.](https://www.ceddit.com/r/tifu/comments/5oa67x/tifu_by_showing_my_family_my_boyfriends_nudes_at/) ,tifu
"Honestly guys, OP is a bitch. Like really. It's an extra strength melatonin. God forbid.",tifu
Do you not have bigger problems to worry about??,tifu
Man you're an idiot. ,tifu
Are you fucking retarded? ,tifu
"Wow mum's a cunt, screaming at her husband as if something important happened, causing him to hurt himself trying to help. But now we know where the son learned to be in good spirits while dating an overly dramatic fucktard.",tifu
I can tell you for sure that Jesus did not do that. ,tifu
Yeah dude LPT don't talk about illegal activity in electronic messages; some fucking dumb cop reads that 6 months from now during a traffic stop suddenly you are detained for hours while Narcs grill you.,tifu
