subreddit,count
The_Donald,184168
politics,147576
AskReddit,110721
science,105403
worldnews,95026
news,76660
explainlikeimfive,56100
relationships,52987
TwoXChromosomes,51083
gonewild,51012
hillaryclinton,39683
askscience,38851
leagueoflegends,33035
AskHistorians,28772
Games,28587
PoliticalDiscussion,26360
personalfinance,22841
aww,21222
photoshopbattles,19620
syriancivilwar,19618
nosleep,18335
CFB,17108
pcmasterrace,16986
pics,16921
pokemongo,16789
funny,16344
GlobalOffensive,16340
Futurology,16213
SandersForPresident,16012
MMA,15546
europe,15261
nfl,14630
EnoughTrumpSpam,14203
BlackPeopleTwitter,14200
pokemontrades,14144
legaladvice,13813
history,13554
videos,13510
AskWomen,13192
sex,12873
GlobalOffensiveTrade,12751
LateStageCapitalism,12303
gaming,12270
whatisthisthing,11691
Showerthoughts,11531
DIY,11187
Android,10650
OutOfTheLoop,10573
atheism,10538
UpliftingNews,10521
Incels,10318
gifs,10075
food,9960
movies,9720
india,9688
books,9501
depression,9500
hiphopheads,9279
pokemon,8759
philosophy,8710
nba,8629
Christianity,8578
anime,8365
2007scape,8335
fantasyfootball,8149
Overwatch,8131
tifu,8084
churning,8044
changemyview,8034
space,7976
conspiracy,7920
ShitRedditSays,7798
canada,7742
socialism,7720
soccerstreams,7534
CanadaPolitics,7529
nottheonion,7442
gameofthrones,7136
OldSchoolCool,7048
AskTrumpSupporters,7039
creepyPMs,6941
SuicideWatch,6914
wow,6896
LifeProTips,6827
SubredditDrama,6811
technology,6768
TheSilphRoad,6629
hearthstone,6335
spacex,6148
me_irl,6075
IAmA,6030
DestinyTheGame,5982
television,5963
dataisbeautiful,5922
NSFW_GIF,5921
PurplePillDebate,5852
GetMotivated,5823
asoiaf,5817
NeutralPolitics,5679
jailbreak,5616
