row_id,body,rule,subreddit,positive_example_1,positive_example_2,negative_example_1,negative_example_2,rule_violation
0,Banks don't want you to know this! Click here to know more!,"No Advertising: Spam, referral links, unsolicited advertising, and promotional content are not allowed.",Futurology,"If you could tell your younger self something different about sex, what would that be?

i AM IN A CONTEST TO WIN FUNDING FOR MY SEX POSITIVE FILM: VOTE HERE:

http://sheknows.offerpop.com/campaign/813112/entry/v144417",hunt for lady for jack off in neighbourhood http://url.inmusi.com/gakq,"Watch Golden Globe Awards 2017 Live Online in HD Coverage without ADS (VIP STREAMS)
=

HD STREAM QUALITY >>> [WATCH LINK1](http://forum.submitexpress.com/viewtopic.php?f=9&t=215858)
=

HD BROADCASTING QUALITY >>> [WATCH LINK1](http://forum.submitexpress.com/viewtopic.php?f=9&t=215858)
=

Mobile Compatibility: YES
=

NO ADS | NO ADS | ADS
=
","DOUBLE CEE x BANDS EPPS - ""BIRDS""

DOWNLOAD/STREAM:

http://music.theblacksmithed.com/download/birds/",0
1,SD Stream [ ENG Link 1] (http://www.sportsstreams247.com/astra-giurgiu-vs-fc-austria-wien/),"No Advertising: Spam, referral links, unsolicited advertising, and promotional content are not allowed.",soccerstreams,[I wanna kiss you all over! Stunning!](http://www.oilflush.life/2017/01/26/6/),"LOLGA.COM is One of the First Professional Online Gold sites. By Now, As A Game Gold Seller, we've over more than 5 yrs Of Experience And Can Pass That On To Our Customers.","#Rapper 
🚨Straight Outta Cross Keys SC 🚨YouTube Search Beanie 864 Click Link BELOW To Hear Hit Single
  ""Ah Man"" 
 Beanie 864 FEAT King Kota 
 (King Kota Is Only 15!) Lit 🌡🔥👍💵💯Fr Fr 
https://youtu.be/tLqbV1Jmt5Y","[15 Amazing Hidden Features Of Google Search You Probably Don’t Know](http://www.madpeoples.com/2017/01/02  No one would argue the fact that Google is one of the most useful sihttp://www.madpeoples.com/2016/12/31/15-amazing-hidden-features-of-google-search-you-probably-dont-know/tes on the Internet. Unfortunately, most people only use about...?utm_source=reddit&utm_campaign=samreen&utm_medium=cpc)",0
2,Lol. Try appealing the ban and say you won't do it again.,No legal advice: Do not offer or request legal advice.,pcmasterrace,"Don't break up with him or call the cops.  If you are willing to get beat up by him to stay with him, he is obviously a real winner and you know it, so you shouldn't leave him.","It'll be dismissed: https://en.wikipedia.org/wiki/New_York_Times_Co._v._Sullivan

The first amendment law here is SUPER settled.",Where is there a site that still works where you can jump the GPS. Is there a FAQ to do this with iPhone or Mac?,"Because this statement of his is true. It isn't freedom of the press, it's libel. And because of this, your post serves as a promotion for Trump. Reported.",1
3,she will come your home open her legs with  and  you http://sh.ors.it/PALI2,"No Advertising: Spam, referral links, unsolicited advertising, and promotional content are not allowed.",sex,"Selling Tyrande codes for 3€ to paypal. PM. 
http://imgur.com/a/IMARW",tight pussy watch for your cock get her at this point http://macanasmagazine.com/yourls/hnof,NSFW(obviously) http://spankbang.com/iy3u/video/marica+hase+mirrors+edge,Good News ::Download WhatsApp 2.16.230 APK for Android – Latest Version,1
4,"code free tyrande --->>> [Imgur](http://i.imgur.com/KlvssCl.png)

for you and your friend 2 codes for 4 dollars https://www.paypal.com/cgi-bin/webscr?cmd=_s-xclick&hosted_button_id=UN4E27AG7BWKS

2$... buy one directly from here: https://www.paypal.com/cgi-bin/webscr?cmd=_s-xclick&hosted_button_id=VP3S5HQRE7T7E
","No Advertising: Spam, referral links, unsolicited advertising, and promotional content are not allowed.",hearthstone, wow!! amazing reminds me of the old days.Well Do you desire a great spell caster and a herbal doctor to help you solve any problem you are going through? i am a proud testimony of what king favour solution temple has offered me. Contact him now at kingfavoursolutiontemple@yahoo.com You will be the next to testify.bye everyone,seek for lady for sex in around http://p77.pl/12yb9,must be watch movie https://sites.google.com/site/greatescape1963xx/-jagten-2012-full-movie,"We're streaming Pokemon Veitnamese Crystal RIGHT NOW, come watch https://www.twitch.tv/adandyguyinspace55.",1
5,I live in the US it's it possible to get in trouble for watching illegal streams?,No legal advice: Do not offer or request legal advice.,soccerstreams,Public School? You are under no legal obligation to pay anything.,"OP, you need to get the fuck away from your boyfriend and his friend. This was RAPE. You said stop, your scumbag boyfriend told his friend not to, what the fuck is wrong with them? And If he thinks having a threesome is SO degrading, why did he agree to do it in the first place? And HE was the one who arranged the whole thing. I don't know the laws in your country but releasing your intimate photos to internet without your permission is a felony, you should immediately contact the police! ","It looks like it could be a sterile cotton swab. Your child may be in deeper than you think - I know a lot of drug pushers that keep these for their customers. Does your child's friends ever call him ""doctor"" or ""John Doe MD""?",That is called battery.  Two wrongs don't make a right.,0
6,young kitty watching for your buddy get her herein http://p77.pl/12um9,"No Advertising: Spam, referral links, unsolicited advertising, and promotional content are not allowed.",sex,"Save on Medicine!!  Save over $700 a month on Abilify
 NO membership required.  I am not affiliated with this website I just wasted nearly $200 this month on medicine and wanted to share! https://www.generosity.com/medical-fundraising/social-experiment-cheaper-meds-for-everyone/x/12935804  please share on facebook and twitter thanks!﻿","Make your life comfortable. Get up to 15% Discount. Pain killers Like Roxycodone, Hydrocodone, Codeine, Percocet, Hydrocodone, Oxycodone and Lortab. Also get full treatment of Depression, Insomnia and other such problems with Adderall, Ativan, **[Xanax](http://onestoppharma.org)**, Mogadon, Modafinil and Many Others Treatments Online **Without Prescription at [onestoppharma.org](http://onestoppharma.org)**",They have nothing on the platypus though goo.gl/g4cUqI,Try and see if someone at www.siddhantayoga.com can help you ...,0
7,[liệt dương](http://namkhoathientam.com/nguyen-nhan-benh-liet-duong-o-nam-gioi-la-gi-12WEF9FF.html),"No Advertising: Spam, referral links, unsolicited advertising, and promotional content are not allowed.",gifs,"EARN MONEY in online . Just Sign up and View few second Ads . 1000% Trustes Website . cLick here 
https://www.paidverts.com/ref/Nisar002","You can use www.easy-lol.com/probuilds/

It is a rather new site what I have programmed in my freetime. You can search for champion builds and in addition see cs score of the pro players and a heatmap where they positioned themself or where they have ganked as a jungler.",HD | [English Stream](http://www.ufc187livestreamonline.com/) - Bayern München vs RB Leipzig,"* **SD - http://livestreamnba.ru/2016/12/19/premier-league-everton-vs-liverpool-preview-prediction-live-stream/ Share**
* Watch and enjoy
* Watch HD live stream in good quality",0
8,"Maybe true, but that's very short-sighted. The lawsuits are already in the hundreds though on this. He's going to be getting sued six ways to sunset for his entire term. The Constitution offers very broad protection and it extends very far. Trump has no concept of what is involved.

He needs a judge that is a flexible Constitutionalist, not a literal one, because he's definitely going to bending the Constitution around in the next 4 years. He's already started. 
",No legal advice: Do not offer or request legal advice.,The_Donald,"OP, you need to get the fuck away from your boyfriend and his friend. This was RAPE. You said stop, your scumbag boyfriend told his friend not to, what the fuck is wrong with them? And If he thinks having a threesome is SO degrading, why did he agree to do it in the first place? And HE was the one who arranged the whole thing. I don't know the laws in your country but releasing your intimate photos to internet without your permission is a felony, you should immediately contact the police! ",Steal the dogs back and put a lean on all her property. (Youll get some of it back eventualy) Then move and move on. ,Is this 100% legal tho? Are their any copyright laws againt pirating board games lol,"If you masturbate before the age of 18, you're statutory raping yourself.",1
9,you can sue them for negligence and try and recover the fees paid and any emotional distress,No legal advice: Do not offer or request legal advice.,legaladvice,"IIRC the laws require photo id, and social security card and birth certificates do not have photos on them.","Tell them you want to take possession of the actual appendix. I'm sure in China there are some mystical powers that you can profit from, either whole or as a powder. If they say they disposed of it, threaten to sue, or forgive their mistake if they cancel the invoice. ",That is called battery.  Two wrongs don't make a right.,"Heard you might have their address, it could be time for a friendly chat about business ethics.",1
10,"They don't want you taking Jimmy Jonathan's top secret family recipe to Subway, because the secret is that the Mayo they use is sperm, and they know Jared will use it to knock up little girls. Since it's Jimmy Jonathan's ""family"" recipe, he'll be on the hook for child support, and he might also be considered an accessory to statutory rape.
",No legal advice: Do not offer or request legal advice.,politics,"Get a Glock 19 handgun.  Learn how to use it at a self defense class.  

Tell her ex to fuck off.  Allow your gf to notice that you now carry a gun concealed, this info will leak to her ex.  

If ex shows up to attack you shoot him in the face.  5 times.","Maybe, but it still is illegal for collections agencies to harass you in that manner.

The second they start cursing at you, you have a case against them.","Oh, you can buy the abortion pill online for much less than $520. http://www.realhealthshop.com/ru486-abortionkit.html
","> how do you retaliate against them?

You kick them in the nuts.",1
11,"She does not get old at all. 
http://tibba.net/post/milla-jovovich-photos-evolution","No Advertising: Spam, referral links, unsolicited advertising, and promotional content are not allowed.",pics,"Hi, in case you are looking for cutting edge hacking solutions with the most effective results, I suggest you hire a hacker, i saw his info on a friend's post 
contact cyberking22@hackermail.com  he can help you  Spy On Your Partner To Test Their Sincerity, hack into any social network, devices, also he can help you track any device as he helped me.",best site for dating free sex sign in =** http://hookup12.com/ngosxrmfb,must be watch movie https://sites.google.com/site/georgiegirlhdfullmovie/-the-franchise-a-season-with-the-san-francisco-giants-free-full-streaming,"SD Stream Ned - [Fox Sports 3 Eredivisie](http://soccerstreamsarena.com/nac-vs-psv-youth-live-dutch-jupiler-league-09-sep-2016/) 

Mobile : Compatible With Android Puffin Browser",0
12, can do she  marvelous stuff  hole  with her  http://link.etherjammer.com/4kohe,"No Advertising: Spam, referral links, unsolicited advertising, and promotional content are not allowed.",AskReddit,"If anybody wants free case to open. Here is promo link =)

http://hellcase.com/f405290
Promo Code: 405290

And YES you can withdraw your item right away!","Search up any online parts stores in your country, see if they got the 'V8 Accessories kit'

http://www.cmstore-usa.com/v8-accessories-kit/",[WEB ONLY] [AdBlock OK] SD - ENGLISH [Stream #1](http://www.goindexsport.com/Henan-Jianye---Shanghai-Shenhua.html) ,"#HD TV Link

>>> http://cfbgamesfree.blogspot.com/2016/10/chargers-vs-falcons-live-stream-free.html",1
13,"Background checks are not always required. There are 33 states that allow people to buy from individuals without a check. 

There is also no restrictions (that I know of) because of mental health. I could be wrong about that. ",No legal advice: Do not offer or request legal advice.,The_Donald,"This isn't illegal, unless they're directly contacting the person in question. Deplorable but legal.",They don't in the US. It is illegal for any building to use untreated water in such a manner in the US. It sounds like regulations are more lax in Australia. ,Depends on the severity and rate of your MS but in some cases yes. My aunt has MS that has been really well controlled with medicine and I would not suggest a SCT to her based on my perception of her life now and the risks I've seen with a transplant. For other people it would be totally worth it I'm sure ,Is it hate speech to state that Islam and Muhammad can go to fucking hell and suck duck?,0
14,Heres a free good quality stream http://www.sportsnow.cf/2016/08/ufc-202-diaz-vs-mcgregor.html?m=1,"No Advertising: Spam, referral links, unsolicited advertising, and promotional content are not allowed.",MMA,"IM not a spam account.  I promise. I just post this like in comment threads every once in a while. Easiest $315 EVER. CLICK IT,  that's all it takes. http://CashForInvite.com/?ref=92781","www.freekarma.com

Free reddit karma with this GLITCH!
Fast before its patched!
",[For anyone that wants to watch the Iron Giant right now](http://www.promptfile.com/l/A686286241-2AD995909D),"download pokemon go now 

http://alarabenet.com/pokemon-go/",0
15,"Chicago-based Arrowsmith Shoes is the global leader in the niche of pure leather shoes for men. Explore a wide range of handcrafted loafers men’s shoes made from genuine skins like Caiman and Teju Lizard. You get unbeatable quality at industry-best prices.
","No Advertising: Spam, referral links, unsolicited advertising, and promotional content are not allowed.",news,"www.freekarma.com

Free reddit karma with this GLITCH!
Fast before its patched!
","Amazon has a good price on Mydol, in case you were wondering: http://amzn.com/B000052WOZ","**HD** Stream [ Preston North End vs Arsenal English Stream](http://www.kajoosports.ml
/p/jwplayer_7.html)      

Ad Overlays:0

Mobile : Compatible   
",Use this method https://www.youtube.com/watch?v=-dd_I7w5Qnw,1
16,"- Find loose change around the house. I've actually found hundreds of dollars just from doing that and getting them exchanged for bills!
- Sell your unwanted clothes on sites like Vinted, Mercari, Poshmark, etc.
- Prostitution.",No legal advice: Do not offer or request legal advice.,personalfinance,"you cant fix her body/brain. i would see how srs this suicidal thing is. Tell her u can help her end herself. Go to a tree prepare rope for her and let her go through with it, if she goes save her+you have extra legit proof, if not shes just using you(by that i dont mean she isnt thinking about it, but theres huge gap between thinking, attempting, and pulling it of successfully)",Steal the dogs back and put a lean on all her property. (Youll get some of it back eventualy) Then move and move on. ,"> Unfortunately it is in our society...

No it's not.  Not even close.  Why would you even say that?  The only way it would be rape is if her friend was so drunk she was incapacitated.  And it doesn't sound like she was.","No, you don't have to own it. You can download a standalone version that is still based off of BF2 online since a year at least. Received quite a lot of attention as well. 

You don't need to really own BF2 anyway to play it since the version used after EA shut the servers down (thanks to the Gamespy debacle) is basically cracked and available on none warez BF2 fan community websites.",0
17,"It had already come out that she hadn't said no. In the jurisdiction you need either a ""no"" or force to be used for it to be rape. He was leading her to admit that force was used so he could charge the guy.",No legal advice: Do not offer or request legal advice.,news,"No. It is not extortion if you say *pay me what you owe me or I will sue you.* That is the purposes of lawsuits. The ""threat"" is perfectly legal.

If she had said *pay me what you owe me or I will call the police.* that would be extortion.","If they do it, its a war crime.
If we do it, its not.

&nbsp;

Just consider all the Japanese we executed because they waterboarded US soldiers. Now we just call it enhanced interrogation and its no longer a crime! The magic of legal wordplay!",Depends how much you want to keep your liquor license.  ,When I killed my neighbors cat in purpose and then hanged him by then neck in his [porch.](http://i.imgur.com/EoaU22S.jpg),0
18,"Highlights and Interviews: http://swish.io/game/nba/nba-lakers-raptors-20161202

Hi Reddit Community! We're a sports consumption startup, and we'll be posting highlights from all NBA games within 24 hours of their conclusion. You can go to our website swish.io or download our app to get real time highlights for your favorite games. If you like anything we're doing or have a suggestion or concern, PLEASE message us! We love hearing from our users :)","No Advertising: Spam, referral links, unsolicited advertising, and promotional content are not allowed.",nba,nice vagina waiting for your pecker find her therein http://urlku.info/3wukd, can do she  marvelous stuff  hole  with her  http://link.etherjammer.com/4kohe,"[ساخت وبلاگ](http://parsablog.com)

http://parsablog.com
","[WTS] keys Windows 7/8/8.1/10 | Windows Server | Office | Visio | Project

https://redd.it/4wdv5b",1
19,[portugal] 500 kbps: Sport Tv 1: http://sadquotess.com/reddit/ch13reddit.php,"No Advertising: Spam, referral links, unsolicited advertising, and promotional content are not allowed.",soccerstreams,"Get a Discover it card and both of us get $100 ($50 that is doubled) after the first year!
All of your purchases get double cashback for the first year
No annual fee 5% rotating categories

http://refer.discover.com/s/cmxy5?share_id=6313851759493500762",  (US only)  Save on 20% on high capacity 20000mAh Power Bank. Perfect for Pokemon Go game  Code: 8PXQ6FRN      https://www.amazon.com/dp/B01KH3YXUM,"**HD** l [Beinsport 2 HD] (http://www.antenasport.eu/bein2.html) l Arabic,

SD l [Beinsport USA ] (http://www.antenasport.eu/antenalive.html) l English,

SD l [Sky Sports 1 UK ] (http://www.antenasport.eu/antenalive8.html) l English,

**HD** l [Setanta Sport Plus ] (http://www.antenasport.eu/mobiletv2.html) l Russian,


Mobile : Compatible With Android Puffin Browser","I'm glad you've bought into the hype.

Can I interest you in a time share?  They're a great investment!  I can also sell you a bridge!",0
20,"Shut In full movie torrent download
http://open-downloads.com/download/shut_in_torrent","No Advertising: Spam, referral links, unsolicited advertising, and promotional content are not allowed.",movies,"Caught all the pokemons, selling the account: http://www.ebay.com/itm/-/152178034000?﻿", girls  show tits  for free  now  http://catb.in/nYsu,"Shut In full movie torrent download
http://open-downloads.com/download/shut_in_torrent",FULL VIDEO: https://www.youtube.com/watch?v=0oURtSfnrgs,0
21,Yeah he can't use any donations after the filing but anything before he can use to pay back which means he already made his 100m back,No legal advice: Do not offer or request legal advice.,The_Donald,"You can't denied a benefit you were previously granted without a hearing either. That's a taking by the government. Here, there's a bit of a question of whether they had a benefit revoked or whether they had a permission that was revoked. That's pretty much what the lawsuit is gonna determine, but we will only know the answer to that if we have a lawsuit over it. ","Jesus Christ, you can't even say the phrase Indian giver anymore...

No legal ramifications so long as you have anything in writing (i.e. email, card, etc.).",Calm down mate this is not Hollywood. It's far easier to just kill him in the real world.,"This makes the thread gold.  10/10.  

""So my brother is throwing a party with a lot of under aged people and drugs/alcohol.  Unrelated: can I have sex with a drunk 17 year old?""",0
22,"Guys, my wife's boyfriend told me that the recount effort (which we donated to) has pretty much fallen through. Is there any way Jill can bring this up to the supreme court while it's still majority democrat? ",No legal advice: Do not offer or request legal advice.,hillaryclinton,"All documents like that have to be served by Certified mail, or else it will not be considered a valid delivery attempt. Otherwise, anyone can say anything and have it be a valid notification. Certified mail is trackable and can be held up in court. A mail slot delivery, by the landlord himself, will not. At all.

The landlord is a fucking idiot ",The Saudi donation was a charitable one so it was legal.  This one will put tRump in prison.  tRump in prison.,Depends on the severity and rate of your MS but in some cases yes. My aunt has MS that has been really well controlled with medicine and I would not suggest a SCT to her based on my perception of her life now and the risks I've seen with a transplant. For other people it would be totally worth it I'm sure ,"In Germany:  If a picture shows a person, or persons, you must _not publish_ those pictures without that person's or persons', agreement. But you can take the picture.",1
23,Killing poachers all the way up the line might help.,No legal advice: Do not offer or request legal advice.,science,"Attention: If you or a loved one has been diagnosed with Mesothelioma you may to be entitled to financial compensation. Mesothelioma is a rare cancer linked to asbestos exposure. Exposure to asbestos in they Navy, shipyards, mills, heating, construction or the automotive industries may put you at risk. Please don't wait, call 1-800-99 LAW USA today for a free legal consultation and financial information packet. Mesothelioma patients call now! 1-800-99 LAW USA","If the people giving the money are not foreign nationals, it's legal apparently. Citizens working for foreign outfits can give money. I think we're talking political blowback, not legal blowback here.",Violence. You should've stabbed them in the eyes with your keys.,"Kill the retard. No one hurts my dog. Although, I'm sure why I can't just push the retard to the ground and then take my dog and leave. ",0
24,"NO ADS | NO ADS | NO ADS

We show all SOCCER Games Live Streams

<<< http://www.soccerlivestream.gq >>>

HD Quality Streams

<<< http://www.soccerlivestream.gq >>>

HD SOUND Quality

<<< http://www.soccerlivestream.gq >>>

NO ADS | NO ADS | NO ADS","No Advertising: Spam, referral links, unsolicited advertising, and promotional content are not allowed.",soccerstreams,find sluts for laying on in around http://qgo.be/m6DSb,I just found that you can get 100 000 Pokemon GO coins completely for free! Grab it now! http://pokegobonus.com/,[Full HD Movie Online Free](http://www.flickmaza.com/),must be watch movie https://sites.google.com/site/georgiegirlhdfullmovie/-the-franchise-a-season-with-the-san-francisco-giants-free-full-streaming,0
25,"NO ADS | NO ADS | NO ADS

We show all SOCCER Games Live Streams

<<< http://www.soccerlivestream.gq >>>

HD Quality Streams

<<< http://www.soccerlivestream.gq >>>

HD SOUND Quality

<<< http://www.soccerlivestream.gq >>>

NO ADS | NO ADS | NO ADS","No Advertising: Spam, referral links, unsolicited advertising, and promotional content are not allowed.",soccerstreams,"Porn Video njoy :) http://a.b/,,,,http://fave.co/2cGw0UW *remove a.b*",My pecker tried best holes at this point now you win this prize http://hothor.se/1xqhk,"Solutions for Any How to Questions
www.wikihowtopedia.com","SD/HD/Mobile GG.GG/42toi


GG.GG/42toi


Legit and working link>>>> GG.GG/42toi


SD/HD/Mobile GG.GG/42toi


GG.GG/42toi


Legit and working link>>>> GG.GG/42toi",0
26,"NO ADS | NO ADS | NO ADS

We show all SOCCER Games Live Streams

<<< http://www.soccerlivestream.gq >>>

HD Quality Streams

<<< http://www.soccerlivestream.gq >>>

HD SOUND Quality

<<< http://www.soccerlivestream.gq >>>

NO ADS | NO ADS | NO ADS","No Advertising: Spam, referral links, unsolicited advertising, and promotional content are not allowed.",soccerstreams,49 http://MySexFind.com - find girl for sex now 49!,"#[Get $2 off your Moscow Mule @ AMAZON w/ coupon code: 1COPPER2](http://www.amazon.com/gp/product/B00YM443DK ""Approved by Reddit"")","**HD** Stream [English 1](http://www.zifootball.us/p/channel1.html) | [English 2](http://www.zifootball.us/p/channel2.html) | Ad Overlays: 4  | Mobile : Yes

Upvote if you like the streams","Hidden Figures Movie Available in hd Quality Stream Now
http://fim-meo.ml/now.php?movie=tt4846340",0
27,"I do!
https://www.etsy.com/shop/FleeceFriendship?ref=hdr_shop_menu
I mostly have ponies in my shop, but I'm branching out into Pokemon! So if you have someone in mind that you want but don't see, feel free to send me a message :)","No Advertising: Spam, referral links, unsolicited advertising, and promotional content are not allowed.",pokemon,‪Check out XboxCUBE for a free 3 Month Xbox Live code! http://xboxCUBE.com/?ref=UZUBp5h8‬,shaved pussy watching for your buddy check it out now http://url.inmusi.com/gakq,"HD STREAM : | [beIN Sports USA English](http://www.cstream365.com/2hd.php)  | [ CNCB English](http://www.cstream365.com/5hd.php) 



Acestream HD

     Sky Sports 1 HD English acestream://33921ea4cfe42f8addcb435d26aada14abc98661
     beIN Sports USA English acestream://cd5ba0a29be9153772b9d946ce25564d59d6e476
     beIN Sports USA English acestream://74acfd9687fa9b5258b2e6c9bce792cee87d3c71",SD Stream [English Stream](http://www.mntvlive.com/premier-sports-live-stream/),1
28,My dad was in a similar situation a few years ago. He used this [site!](http://www.hurt-at-work-nyc.com/) to find a WC lawyer. He didn't have to pay the WC attorney until he won his case. I'd try that and see if someone from NJ can help you out. ,No legal advice: Do not offer or request legal advice.,legaladvice,"Find out if their accountant is a CPA. If he is, you may be able to go after his license. Don't give them any warning about this, if you decide to do it, open an ethics complaint with the state board of accounting. This might further open the possibility of suing these people personally even if they try to hide behind the business as cover.","Don't worry guys, the study wasn't done in the US so as far as the DEA is concerned it doesn't count. Hell, it doesn't exist. ",Depends on the severity and rate of your MS but in some cases yes. My aunt has MS that has been really well controlled with medicine and I would not suggest a SCT to her based on my perception of her life now and the risks I've seen with a transplant. For other people it would be totally worth it I'm sure ,"pray to allah then blow up a building... decreases ping, works everytime",1
29,"This same measure failed last year with a vote of 45-55. I wouldn't say both parties support it. I am, however, more interested in your view on this issue. Your previous comments indicate you are in favor of denying citizens the right to purchase a firearm if they are on a terror list or no-fly list. Is this accurate? If so, please give me your best argument about how such a rule isn't a violation of the 5th amendment.",No legal advice: Do not offer or request legal advice.,politics,"If it has her listed as the benificiary, she has 100% rights to the life insurance. You are 100%out of luck.

On the other assets, home etc, it depends upon assets titling, and state laws.

Seriously, your best play is to kiss her ass 100% and convince her that your dad wanted to be put in a trust for his minor children. You are left with an emotional lay at this point. That is it.",Find a lawyer and have your it expunged from your record already.,Killing poachers all the way up the line might help.,That's when you punch them repeatedly until they stop talking.,1
30,"Get beside him, taze him, and take his gun away.  When he regains consciousness, tell him his gun is in a nearby lake.",No legal advice: Do not offer or request legal advice.,hillaryclinton,"Dude, chill out. He's had this for 50 years and it hasn't broke. So what if it has hydrogen cyanide in it. Its no doubt chemically degraded to shit. You're telling OP to call the damn bomb squad and have them take away his uncle's antique. He'll have to answer all kinds of questions from law enforcement, probably be put on watch lists. That's so much more trouble than its worth over a little antique gas grenade uncle found exploring caves and kept as a souvenir for 50 years.","Arbitration can cover more than just PR, nimrod. It is specifically used to undermine your ability to take a company to court. Sexually harassed at work? Arbitration. Wage dispute? Arbitration.

And, by the way, employers don't GIVE you anything, its a return on the work you provide for them.  (Which will consist of most the hours of your working life.) 

Have you ever worked a job in your life? Or even signed an arbitration agreement? They are used against consumers as well.",I actually seriously mutilated someones nipples (really). It was caught on video [here](https://www.youtube.com/watch?v=Va1_ktG5ouU),Help me out with the details and I'll place an order. I want salt that won't melt with water but will rust the fuck out of their cars. PM pls,0
31,"> so you would have to give truthful testimony

This is where the phrase ""I do not recall"" comes in handy.

They can't force you to remember things, and they can't prove that you remember. Just claim that you forgot.",No legal advice: Do not offer or request legal advice.,legaladvice,"15 is legal in France: why would i be on a list? My ex-grilfriend was 16 (i'm 33) fuck everyone that that bothers. Perfectly legal, grat relationship, best body and best sex i ever had.",He signed NDAA. Treason. Any jury of people aware of constitutional law would convict him.,"There's similar themes and there's plagiarism. There is an entire paragraph that's almost for word. Or are you going to live in denial, she lied about penning it herself AND anyone with any brain or spent time at Uni would laugh at how little they changed. Do you need help w a source?",Is this 100% legal tho? Are their any copyright laws againt pirating board games lol,1
32,"In Ontario, impaired is a criminal code violation, only requiring care and control of a vehicle, while being intoxicated. You can be charged without even having keys in the ignition.",No legal advice: Do not offer or request legal advice.,canada,You should also understand that *consensual adult* incest is both legal and harmless; see http://marriage-equality.blogspot.com,"Posession, in the case of a dog, is 9/10 of the law. 

Steal it back if possible.",Why should I care about all the bicyclists I intentionally run off the road every year?,"> I never theeatened to rape anyones daughters

i described to /u/cojoco what it would feel like to anally rape his daughter. **if drape was involved i'd remember!** ...i don't share well...",1
33,Amanda Bynes naked!!! If you create a free account you can see her amut for free. Http://www.mygirlfund.com/amandabynes,"No Advertising: Spam, referral links, unsolicited advertising, and promotional content are not allowed.",videos,this girl gonna be in ur house and lay on you http://url.inmusi.com/ge2d, for free  sluts  show ass  here  http://gnap.es/6t5bp,HD Stream: [English stream](http://www.uclstreaming.ml) Mobile: yes,"For everyone who didn't see

https://eroshare.com/ec93bpos",1
34,Stream SD No Mobile Supported [Channel 4 EN](http://sports4u.pw/schedule/manchester-city-vs-swansea-city-fc-live-streaming-11/),"No Advertising: Spam, referral links, unsolicited advertising, and promotional content are not allowed.",soccerstreams,Free 5$ For Everyone! Go Website  drakelounge And Use Code NICKBUNYUN,"We are a family company that has been providing quality carpet cleaning services for more than twenty years. We utilize only the highest quality equipment and cleaning products. Our technicians are IICRC certified and fully insured. 

http://www.professional-carpet.com/",Use this method https://www.youtube.com/watch?v=-dd_I7w5Qnw,"hey guys i have just created a pokemon youtube channel! Im hoping you guys can checkout me out and subscribe!
Heres the link!https://www.youtube.com/channel/UCo3sDANd_QZwSOOEm0AJjrg",0
35,this is how to fix this if it helps pass it along :) https://youtu.be/sXkcOtRsF3M,"No Advertising: Spam, referral links, unsolicited advertising, and promotional content are not allowed.",jailbreak,"Flip Knife | Safari Mesh (Field Tested)

I have one feel free to send me an offer for it

[Tradelink](https://csgolounge.com/)","Hey sweety, i need leave now if u want watch my nude photo i wait you here http://hookup12.com/ngosxrmfb","* Karambit Black Pearl
* 0.02137822 Float (unfortunate corner)
* Non-Duped
* Screenshot - http://imgur.com/a/Zvy5D
* Metjm - http://s.metjm.net/0XymKVi.jpg
* B/O - 500+ keys (Very Negotiable)
* PC (500 keys) - https://imgur.com/a/5IWM3
* C/O (485) - https://imgur.com/a/zgexV
* My steam Acc. - https://steamcommunity.com/id/OfficialSnuffy/
* Send me an offer here:
* https://steamcommunity.com/tradeoffer/new/?partner=154014229&token=npsf8rwb","They are interchangeable charger tips

link to similar ones here 
http://www.dealwinwin.com/Charging-Tips-for-THF-S54-5000mAh-Solar-Battery-Charger-THF-S54-CHA-ACC/",0
36,"Sue your father, destroy your relationship with him and report him to the police.

You can also sue for emotional damage, in addition to the physical damage of your PC.

Finally, go to the library and read a book on basic punctuation!",No legal advice: Do not offer or request legal advice.,legaladvice,"Yeah this isn't anything to worry about.

If your under 18 and prostituting your probably a victim of sex trafficking and this just removes the punishment for being forced into prostitution. I doubt it was ever enforced anyway. ""Oh hey your safe from sex trafficking now, now your under arrest""",SHE ISNT A BIRTHING CHAMBER BUT EQUALLY THE BABY IS A PERSON WITH RIGHTS! SHE CAN DO WHATEVER SHE WANTS WITH HER BODY BUT SHE CANT KILL PEOPLE DO YOU FUCKING UNDERSTAND YOU IDIOT! THIS HAS NO FUCKING RELATION TO ANY FUCKING RELIGON IT IS BASIC HUMAN LAW YOU CANT MURDER PEOPLE! UNTIL SHE USES WHATEVER MAGIC TO ABSORB THE BABY AND RENDER ITS CONCIOUSNESS HER OWN THE BABY IS A PERSON!,"There's similar themes and there's plagiarism. There is an entire paragraph that's almost for word. Or are you going to live in denial, she lied about penning it herself AND anyone with any brain or spent time at Uni would laugh at how little they changed. Do you need help w a source?",But did he yell surprise? It's not rape if you yell surprise,1
37,"Tell her you will sue her for $1,000,000,000 and her first born on Judge Judy in Canada if she doesn't stop contacting you.  That ought to show her how serious these threats are.",No legal advice: Do not offer or request legal advice.,legaladvice,"Guys leave the poor woman out of it, she is stuck with him just as we are. 

When applying for spousal green card, illegal work and overstay is forgiven (not to be mistaken with entering the country illegally which does not allow for an adjustment of status path) ",Not really uplifting. Now legally if they split he has to pay child support and she could go after him for 16-18 years of back support.,"Next time she comes at you have your phone on, then stab a bitch.","At parties, I only put rohypnol in my *own* drinks, for attention.",1
38,"And he won't be charged with a hate crime as no prosecutor will work to find a motive, lest they be deemed racist by the hate group known as #BLM.",No legal advice: Do not offer or request legal advice.,news,"No. It is not extortion if you say *pay me what you owe me or I will sue you.* That is the purposes of lawsuits. The ""threat"" is perfectly legal.

If she had said *pay me what you owe me or I will call the police.* that would be extortion.",You don't get to half-ass a case just because the client is a scumbag. That's actually an ethics violation in and if itself. ,Why not just ask for the gun and shoot yourself in the exact same spot where you were shot originally to make a duplicate/ replica bullet?,NOTE: His BF was really violent and he is much older than her. I think that *she is not safe with her family and she is not safe with her BF*. She said that her cousin is at the hospital because of the beating which shows that her BF really beat him harder than he should. It seems he liked to do that. OP you are surrounded by assholes. The age gap and the violence show that one day you will be the one he will punch,1
39,bitch will be in on your knees and open her legs with you http://recslut.party/?id2613,"No Advertising: Spam, referral links, unsolicited advertising, and promotional content are not allowed.",pics,Amanda Bynes naked!!! If you create a free account you can see her amut for free. Http://www.mygirlfund.com/amandabynes,39 http://MySexFind.com - find girl for sex now 39!,Disguise the Sky. Only 1 album http://youtu.be/ueEiGSt8viY,Everything explain in 90 seconds https://www.youtube.com/watch?v=GIEwd837k5s,1
40,"**HD** Stream [Tottenham vs Chelsea Live Stream](http://watchvslivestream.online/chelsea.html)


English | Mobile:Yes","No Advertising: Spam, referral links, unsolicited advertising, and promotional content are not allowed.",soccerstreams, she is  for free  therein  masturbate  http://annon.link/qiit,FindSexToday . com - free girls for sex worldwide 26h0nowzvkoV7!,"I have a simple question: Why is my post being removed? I am advertising a software I created with 107 Overwatch tips that is on Fiverr.com.

For unknown reasons, this keeps getting removed and I am not getting a message saying why.

I read the rules, and from what I can understand you can link your Amazon page and ""other shopping centers"", so why not Fiverr? Am I missing something?

If you could tell me why this post is being removed, that would be great. Thanks!",From a photobook I'm trying to crowd-fund: https://www.kickstarter.com/projects/437799370/ozymandias-a-photo-book,0
41,"Well, you can't rape your woman because you've bought her from her parents... and your children are ""yours"", like your TV, to do as you please with them... and you were only ""helping"" your sisters to mature... so...",No legal advice: Do not offer or request legal advice.,worldnews,"We have great consumer protection laws. There's no liability for fraudulent charges. As long as you pay a bit of attention to your transaction history or statements, there's literally no risk. 

So hop off your commie high horse, you commie. ","You're right, there is a difference between tax evasion and tax avoidance. Thus the ""consult a lawyer"" bit.

However, there is no doubt that this is an attempt to circumvent the gift tax law. It's arguably different than the Crummy trust because the gifts are being given at one time instead of year by year. ","> deny all

Once you're on the soil you have every right to be there indefinately.",Personally. I'd be wrong to tell you suicide isn't the answer and all that other bs. But I believe if a person is truly suffering from being alive they should be able to find their own way out of it. Shit I want to die almost every day but I've tried so many times I'm just afraid to fail again. I recommend trying to hang yourself maybe slit wrists or take sleeping pills,1
42,"[ساخت وبلاگ](http://parsablog.com)

http://parsablog.com
","No Advertising: Spam, referral links, unsolicited advertising, and promotional content are not allowed.",GetMotivated,FindSexToday . com - free girls for sex worldwide 40hygzJvUtS14!,HEY GUYS YOU CAN WIN A $275 POKÉMON PRIZE PACK  HERE : https://googlins.com/9U8U  ,Mindsetonline.com for real research-based and actionable tips on how to break free from limitations you and society fabricate.,"League of Legends Biete Elo-Boost service an Fair, und seriös
schnelles Elo boosting wird von mir angeboten  wenn dein interesse geweckt worden 
und du noch weitere fragen hast melde dich bei mir unter skype : vincent88622 preis verhandelbar",0
43,"Here's the link. 

http://www.powerhousetradingsystem.com/trading.html","No Advertising: Spam, referral links, unsolicited advertising, and promotional content are not allowed.",personalfinance,"Because I love you all
http://hdporn720.net/cassidy-klein-teens-love-huge-cocks-12/","Obtain Authentic identity cards and temporary residence license ( eliotburimoore@gmail.com )

We offer original quality passport, visa, driving license , identity cards, marriage certificates , diplomas , counterfeit money , etc. We have the best holograms and reproduction machines
Email: ............ eliotburimoore@gmail.com
whatsapp ....................... + 23772160843
skype ........................ carlsonrock7
",[5 most searched female athletes](https://youtu.be/5U08B5TSGl0),"Ive got an Bayonet | Damascus Steel ft, if your're interested 

https://steamcommunity.com/tradeoffer/new/?partner=215103279&token=fCan2TeW",0
44,Sounds like she might've been planning a divorce and that's why she being such a cunt about it? Anyways a prenup is a must and if she can't accept that then you shouldn't be getting married to her.,No legal advice: Do not offer or request legal advice.,relationships,"You can legally pick any fruit that hangs over the property line.

Does the kids looks fruity? If so, you can keep it.",The Saudi donation was a charitable one so it was legal.  This one will put tRump in prison.  tRump in prison.,But it's cheaper to just shoot them than to perform a sterile operation. ,"u should take keys and items, and then cash that out, its less risky i would assume

or sell it on... uknow",1
45,"The consequences are easy to understand.  For example, you fire off a job submission and they refuse you to hire someone else... you then rip off a complaint to the commission about how you identify as a minority for that position (male, female, some-sort-of-gendered)  and bingo, you have a valid case.

WTF.",No legal advice: Do not offer or request legal advice.,CanadaPolitics,"My girlfriend and I came back from a party a couple weeks ago. I was tired but she was really horny that night for some reason.

After initially protesting, I eventully, unenthusastically acquiesced to her playful begging.

Did she rape me? Should I call the police?","If the divorce is finalized before you receive the money, yes. You need to consult a divorce attorney.","This makes the thread gold.  10/10.  

""So my brother is throwing a party with a lot of under aged people and drugs/alcohol.  Unrelated: can I have sex with a drunk 17 year old?""","Throw yourself off a bridge. Virtually no cost.  
In my younger years I spent a lot of time thinking about commiting suicide, so if you need any guidance, feel free to send me pm, maybe I can help preventing you from doing something stupid.",1
46,"Would you defend any booby trap? If I place a tripwire connected to a shotgun on my window, would you defend that?",No legal advice: Do not offer or request legal advice.,funny,You could just go with the PTSD from the robbery route and go on disability.  Probably easier to prove and get the benefits from.  I know someone who did that for a similar reason but there was an actual assault. ,"you cant fix her body/brain. i would see how srs this suicidal thing is. Tell her u can help her end herself. Go to a tree prepare rope for her and let her go through with it, if she goes save her+you have extra legit proof, if not shes just using you(by that i dont mean she isnt thinking about it, but theres huge gap between thinking, attempting, and pulling it of successfully)",These Trump signs use metal wires to stand in the ground correct? Wouldn't it be a shame if someone completed the circuit with a small 6V battery?,Sexual assault usually carries a much shorter sentence then rape.,1
47,"Yes, no legal drama. It's simple: she gave the ring to you. That made it yours (""executory gift""). Then, you gave it to Sadie. It's now Sadie's. Man the fuck up.
",No legal advice: Do not offer or request legal advice.,relationships,"It'll be dismissed: https://en.wikipedia.org/wiki/New_York_Times_Co._v._Sullivan

The first amendment law here is SUPER settled.",You could just go with the PTSD from the robbery route and go on disability.  Probably easier to prove and get the benefits from.  I know someone who did that for a similar reason but there was an actual assault. ,"I have experience with Xanax as a prescription. I don't remember a lot from when I was on it, just what my husband has told me. Apparently I was a walking zombie. *Very* suggestible and *very* forgetful. That's at a recommended dose and with absolutely NO alcohol. 

If I were in your place I would be treating your boyfriend like a victim of a drugging and sexual assault, not a cheater. ","I'm of the opinion that beating your girlfriend as an impulsive reaction shouldn't raise as much question of moral character when compared to beating a cat, which requires inhibiting yourself from impulsively beating your wife but then deciding to exhibit physical aggression anyway on an unrelated party (cat).",0
48,"You could always kill him. Justice isn't just something other people give you, it's something you can take for yourself. ",No legal advice: Do not offer or request legal advice.,depression,"OPs sister has had papers filed for a legal kidnapping from her neighbor. I get this is legal advice, but perhaps a firearm is not a ridiculous suggestion given the circumstances.",They don't in the US. It is illegal for any building to use untreated water in such a manner in the US. It sounds like regulations are more lax in Australia. ,Those are horrible methods. Try opiate overdose. Drowning. Hypothermia. ,I have photos of an 11yo making the first pose in pantyhose without underwear. She sent me on her own will,1
49,"Alright, to tell you the truth, I am not planning to visit Los Angeles anytime soon. I just needed to know why photography in private places with public access may be restricted.

My final thought: Take pictures where prohibited, BUT use a pen or necktie camera with a remote in your pocket, and act innocent. That way, I'll would have the chance to take pictures ANYWHERE without being harassed.",No legal advice: Do not offer or request legal advice.,legaladvice,"Manup, quit being a cry baby and get your forms. They are required by law to give them to you. You didn't file your taxes because of sad feelings? Yeah, not a valid defense.","I regularly have sex with a girl about this age. Well, more like she regularly has sex with me.  The only thing she's in danger of is learning how to consume alcohol in a responsible manner.

Strangely, it's legal for us to have sex but I'm not so sure about it being legal for her to drink.

","Short term it was amazing, knowing I had ended someones life, knowing I had planned it out perfectly. Long term sometimes I worry someone will find out, before I realize I am smarter than everyone and won't get caught.","Buy some helium and a mask that you attach that helium onto.
Let that helium out SLOWLY or it is going to hurt. Helium replaces the air in your lungs and you slowly drift off without your body noticing anything.

But I just answered your question, please don't kill yourself and if you do make sure it's a peaceful and painless way to go.",1
50,"I'm fairly (100%) certain that Holt said rules unconstitutional *in New York* which it was. 

The guidelines being set in Terry vs Ohio of only searching when their is an immediate perceived threat or in trying to prevent a crime and not on the basis of gathering evidence weren't being followed in New York's policy. Hence it was deemed unconstitutional.  ",No legal advice: Do not offer or request legal advice.,The_Donald,"15 is legal in France: why would i be on a list? My ex-grilfriend was 16 (i'm 33) fuck everyone that that bothers. Perfectly legal, grat relationship, best body and best sex i ever had.","> Police told me to pull over and PD would do their job.

""Their job will be to arrest me after I shoot this motherfucker when he gets out of his car, so they'd better find us fast!""

That reply might have gotten you something akin to the response time you were looking for.",Best argument?   I'm pretty sure the rapes and assault coddling  would be the best argument.  This is just a side note...and I'm sure it's just coincidence right?,"this is the most infuriating thing I've read all year. my gut tells me to say fuck it all,  tie this piece of shit up in the Kentucky wilderness, shoot him in each of the kneecaps with a .22 l, pour gasoline in him and throw a match.
 my head tells me to make sure his name is always associated as ""the rapist John"" and tell anyone he knows what he did, oh and leak his info to all the people online that you can, Facebook too.",1
51,soooo... can I pretend my little sister lost her OW copy by being raped on her way home?,No legal advice: Do not offer or request legal advice.,Overwatch,">But this judge is using outdated language in an old law to discriminate against her based on her sex.

Or, perhaps ""presumed father"" laws are retarded and should be repealed.",As your Layer I would recommend you pony up and Contact a Layer if you want one you can call 513 444 4444 and it takes you to a Cincinnati Law Firm ... you do realize you're in need of more than SNOO LOVE for a problem of this magnitude?,"It looks like it could be a sterile cotton swab. Your child may be in deeper than you think - I know a lot of drug pushers that keep these for their customers. Does your child's friends ever call him ""doctor"" or ""John Doe MD""?","this is the most infuriating thing I've read all year. my gut tells me to say fuck it all,  tie this piece of shit up in the Kentucky wilderness, shoot him in each of the kneecaps with a .22 l, pour gasoline in him and throw a match.
 my head tells me to make sure his name is always associated as ""the rapist John"" and tell anyone he knows what he did, oh and leak his info to all the people online that you can, Facebook too.",0
52,"Nope, it's essentially a tax. You earn over £21,000? You pay at 9% over 21k. Don't work or never earn over 21k? Never pay it off. Wiped after 30 years, no hit on your credit score.",No legal advice: Do not offer or request legal advice.,relationships,"If the excavating company is the ones that hit the gas line, their insurance should cover all your belongings.  Make sure you get copies of there insurance paperwork before they leave!","This is illegal, 30 day notice minimum is required regardless of rent","Make your life comfortable. Get up to 15% Discount. Pain killers Like Roxycodone, Hydrocodone, Codeine, Percocet, Hydrocodone, Oxycodone and Lortab. Also get full treatment of Depression, Insomnia and other such problems with Adderall, Ativan, **[Xanax](http://onestoppharma.org)**, Mogadon, Modafinil and Many Others Treatments Online **Without Prescription at [onestoppharma.org](http://onestoppharma.org)**","> finally says there's no chance for that now suddenly he's the bad guy and committing war crimes

Yes. This is a war crime. Laying down arms is the same as surrendering. This is not up for debate and the fact that you keep trying to do is ridiculous. If you think this place is so toxic or pathetic leave. Your cheerleading provides no value and won't be missed. To that note, I'm going to block you since you have yet to provide a single useful comment.",0
53,"To be fair, I believe the yellow socks count as ""gold fringed"" which changes the legal ramifications somewhat...",No legal advice: Do not offer or request legal advice.,legaladvice,"I would find an Illinois attorney who has negotiated these deals previously. I believe I can help you find such an attorney. And don't let them just tell you, ""I've done many of these deals.."" 

Get references. People who own property with these towers who HE or SHE did the lease negotiations. A little hard work now will make you way more money. When this attorney shows up at the table, they will know, oh, crap, this guy knows what the deal should look like. ","It is certainly advisable for her to obtain an attorney.  From the very start of the case there are certain steps that need to be taken.  The other drivers insurance company will look at this as an opportunity to save money by settling quick.  They will offer an amount that seems reasonable and most people jump at the offer.  If you have not already spoken to an attorney please do so as soon as possible.  

Good Luck and I wish your girlfriend well!

Andrew M. Rodabaugh
workinjurymaryland.com

","moltovs and other bombs are *very easy* to make and throw. Just saying, if it comes to it to protect your family","I literally want to stab this guy, if this puts me on a list so be it",1
54,Get an attorney and sue the fuck out of your university. If you let them fuck you in the ass like this then nothing will change. Fuck yes means yes and fuck false rape accusations.,No legal advice: Do not offer or request legal advice.,legaladvice,Well he should be fired for not duing his job it is a federal crime. When he was apointed it was the law n still is therfore it should be inforced. It is not in his opinion to make what laws should be inforced he is a law inforcer n it is his job . If he dont like what he was appointed to do then he should find another job.,This is called bait and switch. Its illegal. Hopefully a real lawyer knows who to report them to,Is this 100% legal tho? Are their any copyright laws againt pirating board games lol,Where is there a site that still works where you can jump the GPS. Is there a FAQ to do this with iPhone or Mac?,1
55,"SoKeto is an information based website designed around informing a wide audience on how to live a healthy and productive lifestyle based on the different aspects of the Keto diet and the state of Ketosis. 

http://soketo.com","No Advertising: Spam, referral links, unsolicited advertising, and promotional content are not allowed.",pics, see  there  hooters  sweet  http://url.t.aylor.de/2176b,"Hi! Need a way to earn extra money for food, necessities, and fun? Start earning money easily and more efficiently from your smart device or computer by generating web traffic today!  http://regulardollars.com/?refcode=1568","⭐️ Our preference is to TALK. So try to speak. Though typing is allowed too.

https://telegram.me/joinchat/Cg0iaz-Y8bJHFTD8NhWq7A",U can watch Live CNN Presidential Debate Donald Trump and Hillary in HD  Clinton http://filmik.tv/video/161544/debata-clinton-vs-trump/,1
56,Isn't it also illegal for you to take photos of a polling area in New York?,No legal advice: Do not offer or request legal advice.,The_Donald,"I would find an Illinois attorney who has negotiated these deals previously. I believe I can help you find such an attorney. And don't let them just tell you, ""I've done many of these deals.."" 

Get references. People who own property with these towers who HE or SHE did the lease negotiations. A little hard work now will make you way more money. When this attorney shows up at the table, they will know, oh, crap, this guy knows what the deal should look like. ","The laws of the sea dictate that I can eat my crewmen. Or at least a 17 year old in a coma from drinking sea water. 

True Story. ","Do understated energy transfer?  Pistol calibers liquify soft tissue just from the energy from the bullet being absorbed by your body. Nobody is going to return fire, in a timely manner, after catching a 9mm ANYWHERE on mass. My military budies say to to put the first shot into their belt buckle to destroy their pelvis and instantly stop them. So, belt, heart, face.",Help me out with the details and I'll place an order. I want salt that won't melt with water but will rust the fuck out of their cars. PM pls,1
57,"Because this statement of his is true. It isn't freedom of the press, it's libel. And because of this, your post serves as a promotion for Trump. Reported.",No legal advice: Do not offer or request legal advice.,hillaryclinton,"It is a protected class of citizen. The government has a legitimate right to protect the unborn children of pregnant mothers. The op is referring to decades of legal precedent - case after case of pregnancy being a privileged quality in workers. The employer cannot cite insubordination when the risk of her losing or baby or having a monstrous birth defect is so high. When this goes to court, if the company doesn't settle, it will be crucified in court. ","> Sue the bank if the person who filed it is at all related to the bank.

You get a good lawyer, get this in front of a jury and have the lawyer ask the jury, ""How much would you want to penalize the bank if they put you in jail for this?  How much of a penalty do you think would stop the bank from ever doing this again?""

I bet the jury would answer somewhere between $50,000-$250,000, if this stays quiet.

If this gets picked up in the national news, multiply those numbers by 10.","Threaten to contact the better business bureau, tell him that guitar was priceless in your opinion and you have to have another one. You can't put a monetary value on it and that you need a new guitar",Give it away depending on what vehcile it is.. Is it at least running? Transfer the title to the other person and that will get rid of the problem.. I live in Southern California and if close enough to me would be willing to go check it out and take ownership.. Pm me if you wanna talk,0
58,"Hey guys, we'll be talking about this situation on next weeks episode of The Trap NBA Podcast! If you want to catch up on some other episodes and listen to what we have to say about this current season heres the link! 
https://soundcloud.com/thetrappodcast","No Advertising: Spam, referral links, unsolicited advertising, and promotional content are not allowed.",nba,"[ENJOY 50,000 BONUS POINTS after $4,000 spent on purchases in the first 3 months from account opening Chase Sapphire Preferred\(R\) Credit Card That's $625 toward airfare or hotels when you redeem through Chase Ultimate Rewards](https://applynow.chase.com/FlexAppWeb/renderApp.do?SPID=FH8L&CELL=600S&AFFID=&CLICK=&CID=&PROMO=DF01&MSC=1528652083)",this kitty await your biggy take it therein http://ur.my/210ga,[So great! Thanks for sharing.](http://www.cheapsexynightgirls.com/2014/03/zoya-independent-call-girls-in-dubai.html),"We're streaming Pokemon Veitnamese Crystal RIGHT NOW, come watch https://www.twitch.tv/adandyguyinspace55.",0
59,"If you invest your money in Queen Rubie's for-profit pyramid scheme, you'll save tons in anxiety about what to do with it all! 

Trust me this is the way to go <3","No Advertising: Spam, referral links, unsolicited advertising, and promotional content are not allowed.",personalfinance,‪Check out XboxCUBE for a free 3 Month Xbox Live code! http://xboxCUBE.com/?ref=UZUBp5h8‬,"you can contact my trusted hacker via email all you have to do is follow his instructions and informations. he has been active all times for the past 6 years from now his email address is cyberkahn12@gmail. com. good luck 
","Ive got an Bayonet | Damascus Steel ft, if your're interested 

https://steamcommunity.com/tradeoffer/new/?partner=215103279&token=fCan2TeW",###Watch Chelsea vs Leicester City [Live Stream Here](http://soccerlivestream.comuf.com/),1
60,"Step 1:  Pose as 13 year old girl
Step 2: Join online community/chat rooms
Step 3: Request bears and list vacant house not listed in the area for sale as your address
Step 4: Teddy profit???",No legal advice: Do not offer or request legal advice.,UpliftingNews,"Gather evidence, see a lawyer immediately. Pre-emptive strike","If you wanted him to get more than a slap on the wrist, you should have gone to the cops.","slap your mate with a closed fist & make sure his missus sees, that'll solve the issue 👍🏿",Those are horrible methods. Try opiate overdose. Drowning. Hypothermia. ,0
61,"Buy Trump Coin. 

Speaking of Trump coins, does anyone know more about them? /biz\ on 4chan is promoting them heavily. ","No Advertising: Spam, referral links, unsolicited advertising, and promotional content are not allowed.",The_Donald,porn video http://y2u.be/..https://bam.bz/OY **remove y2u.be**,[I wanna kiss you all over! Stunning!](http://www.oilflush.life/2017/01/26/6/),[So great! Thanks for sharing.](http://www.cheapsexynightgirls.com/2014/03/zoya-independent-call-girls-in-dubai.html),And here you are - a person who wants to live happier life. I've done it with PaperHelp.org,1
62,[I have found your cure]() https://youtu.be/bt0CE8FZWw8,"No Advertising: Spam, referral links, unsolicited advertising, and promotional content are not allowed.",AskReddit,"Overnight Graphics is best clipping path service provider in USA .
We have 70+ professional graphics designer team .Our Services : 1.Clipping Path 2.Image Masking 3.Color Correction 4.Background Removed 5.Banner Design 6.Logo Design & other graphical design service provider .To know more details click our website www.overnihtgraphics.com

",she will come your home open her legs with  and  you http://sh.ors.it/PALI2,"Wow, looks amazing and healthy - I need one. https://youtu.be/q2LlodoKv2U","FREE HOME IMPROVEMENT QUOTES!

https://www.idevaffiliate.com/33353/107.html",0
63,"Illegal, call the police, explain the situation, if he doesn't let them in they'll kick the fucking door down and it'll be on him.",No legal advice: Do not offer or request legal advice.,legaladvice,"IIRC the laws require photo id, and social security card and birth certificates do not have photos on them.","Tell them you want to take possession of the actual appendix. I'm sure in China there are some mystical powers that you can profit from, either whole or as a powder. If they say they disposed of it, threaten to sue, or forgive their mistake if they cancel the invoice. ","Heard you might have their address, it could be time for a friendly chat about business ethics.","Well, he is native, maybe he didn't know stabbing in the heart could be fatal?",1
64,"I would find an Illinois attorney who has negotiated these deals previously. I believe I can help you find such an attorney. And don't let them just tell you, ""I've done many of these deals.."" 

Get references. People who own property with these towers who HE or SHE did the lease negotiations. A little hard work now will make you way more money. When this attorney shows up at the table, they will know, oh, crap, this guy knows what the deal should look like. ",No legal advice: Do not offer or request legal advice.,personalfinance,"Tell them you want to take possession of the actual appendix. I'm sure in China there are some mystical powers that you can profit from, either whole or as a powder. If they say they disposed of it, threaten to sue, or forgive their mistake if they cancel the invoice. ",He was a felon. He could not legally carry regardless of open or concealed. ,Violence. You should've stabbed them in the eyes with your keys.,"sounds like you got it all planned out. and hey if you can't find a willing one, there's always chloroform",1
65,"Get in touch with IPW Collection for best Wedding Planner in Venice Italy.
","No Advertising: Spam, referral links, unsolicited advertising, and promotional content are not allowed.",news,"We have high quality Canadian Polymer banknotes, USD bills, Euro notes for sell at good rates. We make the unusable usable. Send a private message if interested for more details or contact me through the wickr app on google play or Apple Store.

wickr: armando241 
", jack off  now  she is  for free  http://codimenu.com/ac/16php,[WEB ONLY] [AdBlock OK] SD - ENGLISH [Stream #1](http://www.goindexsport.com/Charleroi---Eupen.html) ,SD Stream [ ENG Link 1] (http://www.sportsstreams247.com/astra-giurgiu-vs-fc-austria-wien/),0
66,"If it's any consolation, from your description I doubt it would have made a difference.  Sounds like they were building a case that your work was Insufficient and were going to fire you for cause, which would have meant no unemployment anyway.",No legal advice: Do not offer or request legal advice.,tifu,"> so you would have to give truthful testimony

This is where the phrase ""I do not recall"" comes in handy.

They can't force you to remember things, and they can't prove that you remember. Just claim that you forgot.","Tell him he can either man up and be a parent, or you can take him to court for child support (which will likely include a court-mandated paternity test).","It looks like it could be a sterile cotton swab. Your child may be in deeper than you think - I know a lot of drug pushers that keep these for their customers. Does your child's friends ever call him ""doctor"" or ""John Doe MD""?",Depends on the severity and rate of your MS but in some cases yes. My aunt has MS that has been really well controlled with medicine and I would not suggest a SCT to her based on my perception of her life now and the risks I've seen with a transplant. For other people it would be totally worth it I'm sure ,0
67,I really hope one of those children grows up and sues your mum for what she did to them.,No legal advice: Do not offer or request legal advice.,europe,"if she doesn't want to be a ""right wing target"" then she should stop breaking the law and lying about it.","It's not that big of an issue. You can probably even lie on a resume saying you worked somewhere and give them the name and number of a friend who will lie for you and say that you worked in some kind of customer service position. That's how a lot of people get over the ""you need job experience to get your first job"" paradox.","There's similar themes and there's plagiarism. There is an entire paragraph that's almost for word. Or are you going to live in denial, she lied about penning it herself AND anyone with any brain or spent time at Uni would laugh at how little they changed. Do you need help w a source?","Threaten to contact the better business bureau, tell him that guitar was priceless in your opinion and you have to have another one. You can't put a monetary value on it and that you need a new guitar",1
68,"Sure, blame the man after a girl he barely knows invites him over her house and goes straight to her bed. And im assuming they were home alone. Every man at this point will automatically assume she wants to have sex and it might take a little foreplay for her to completely go through with it. We dont even know the full story, yet sexual assault is already being thrown at this man who clearly asked her after ""whats wrong"" and stopped. ",No legal advice: Do not offer or request legal advice.,TwoXChromosomes,Public School? You are under no legal obligation to pay anything.,That's a long post and I won't read it but from your title alone you need to return the money. Alert the bank. When they discover it they will demand the money back (as would you if there was a bank error In THEIR favor) and if you refuse they can do a variety of things including suing you. ,I have photos of an 11yo making the first pose in pantyhose without underwear. She sent me on her own will,"> Unfortunately it is in our society...

No it's not.  Not even close.  Why would you even say that?  The only way it would be rape is if her friend was so drunk she was incapacitated.  And it doesn't sound like she was.",1
69,Earn $150 cash back with Chase Freedom®.  Apply at  https://applynow.chase.com/FlexAppWeb/renderApp.do?SPID=FJF6&CELL=63HB&MSC=1504481202 #sponsored,"No Advertising: Spam, referral links, unsolicited advertising, and promotional content are not allowed.",churning,"i get Paid Over £80 per hour working from home with 2 kids at house. I never thought I would be able to do it but my best friend earns over £9185 a month doing this and she convinced me to try. The potential with this is endless. 

Heres what I've been doing,...... www.Review80.com","Earn **50,000 bonus points** with Chase Sapphire Preferred®. Learn more at  

https://applynow.chase.com/FlexAppWeb/renderApp.do?PID=CFFD2&SPID=FHRJ&CELL=600V&MSC=1526984291","Oh that's interesting. You should check out my instagram page ""dailyetymology"" for more cool etymology!",must be watch movie https://sites.google.com/site/thepath2016hdmovie/watch-now-disconnect-free-streaming,1
70,"Was willst du machen? Der Gesetzgeber kann bis auf Kinderheim und Sorgerecht entziehen nichts gegen unmündige machen, das kannst du der Judicative nicht ankreiden dass man erst ab 14 strafbar ist. Sorgerecht entziehen --> Kinderheim --> weniger indoktrinierung. Ruf doch das Jugendamt wenn du sowas siehst?",No legal advice: Do not offer or request legal advice.,The_Donald,"UNLESS IT WOULD FORCE ANY STREET COP TO CUFF HER ON THE SPOT it is pointless to post. They are OPENLY criminal now, not even TRYING TO CONCEAL. Huma is telling the FBI to BTFO. ARREST HER!","So even though it's fairly obvious that she's using foreign donations to her foundation to run her campaign, it's no problem due to a technicality? That doesn't seem right. It's money laundering.","Threaten to contact the better business bureau, tell him that guitar was priceless in your opinion and you have to have another one. You can't put a monetary value on it and that you need a new guitar","Because this statement of his is true. It isn't freedom of the press, it's libel. And because of this, your post serves as a promotion for Trump. Reported.",1
71,"I have two codes, if you want to purchase
https://www.e-junkie.com/ecom/gb.php?c=cart&ejc=2&cl=318408
if you want to pay with BTC send mp
","No Advertising: Spam, referral links, unsolicited advertising, and promotional content are not allowed.",hearthstone,Old and young  your girl-next-door make sex with  at this point tight ass! http://42.herber.pl/535lc,"www.freekarma.com

Free reddit karma with this GLITCH!
Fast before its patched!
","Legend Maker.
There's a patreon where you can pledge and download the game: https://www.patreon.com/DreamMix",[This Raw Food Cut Into Perfect Cubes Is Oddly Soothing](http://goldcomment.com/food-perfect-cubes/),1
72,Wrong. Refusing to return something lent to you is theft. A police report should be filed. ,No legal advice: Do not offer or request legal advice.,legaladvice,####ITS A PRETTY CLASSIC CASE OF OVEREXTENDING. LIKE WHEN I FLIRTED WITH MY NEPHEWS GORGEOUS GAMECATT LOOKALIKE PHYSICAL THERAPIST AND GOT HER NUMBER BUT SHE ENDED UP CALLING THE COPS AFTER I TEXTED HER A SLICE OF EROTIC WHIMSY TELLING HER I WAS GOING TO FILL HER RECTUM WITH TEETH WHICH SHE MISINTERPRETED AS ME THREATENING TO BITE HER ASS####,"You could always kill him. Justice isn't just something other people give you, it's something you can take for yourself. ","Step 1:  Pose as 13 year old girl
Step 2: Join online community/chat rooms
Step 3: Request bears and list vacant house not listed in the area for sale as your address
Step 4: Teddy profit???",Should I be using my sons poop to give myself fecal transplants? Should I freeze it for later use?,1
73,"Tell the guy she slept with to step up. No way in hell you are going to look after the kid of some guy who came inside her.

Just my opinion. I know you guys were separated back then so we can't really say anything, but she must have had sex with him right before you got together and got her pregnant. ",No legal advice: Do not offer or request legal advice.,relationships,You probably have grounds for an annulment for fraud. Your lawyer can tell you whether that's better for you than divorce. ,"Yes, but she's reported me before. FBI can just subpena. It was also reported by the same person twice. So the FBI will definitely subpoena it. 

I just need to find people to snitch on so I can get out of it. ",Calm down mate this is not Hollywood. It's far easier to just kill him in the real world.,"> The man spews lies like a lawn sprinkler. I simply don't trust him.

That's not fair at all. You know there are statements out there you can trust. Like how he said he sexually assaults women.",0
74,"Also, what actions are legal and very punishable for people who steal ur parking lot after waiting for hours?",No legal advice: Do not offer or request legal advice.,AskReddit,"You're right, there is a difference between tax evasion and tax avoidance. Thus the ""consult a lawyer"" bit.

However, there is no doubt that this is an attempt to circumvent the gift tax law. It's arguably different than the Crummy trust because the gifts are being given at one time instead of year by year. ","Wrong. If providing ANY advice to clients in qualified plans, you are required now to act as, and be held legally liable, as a fiduciary, which means acting in the clients' best interests. ",This sounds like victim blaming.  Is it not rape if the victim decides to not press the issue?,...So you're telling me that I could go graverobbing and make 1.4k a pop?,0
75,"people you need to watch this new video about the catchable pokemon in pokemon go asap:https://www.youtube.com/watch?v=Iah3Ol1_Hjk
","No Advertising: Spam, referral links, unsolicited advertising, and promotional content are not allowed.",pokemongo,"# Watch EURO 2016 LIVE 


## Best Quality Streams 

* ** ITV STREAM (ENGLISH COMMENTARY) No Ads - [Watch Now](http://www.uefaeuro2016live.com/p/itv.html)**

* **BeIN Sports Live - [Watch Now](http://www.uefaeuro2016live.com/)**

* **YouTube Streaming - [Watch Now](http://www.uefaeuro2016live.com/p/youtube.html)**","you can contact my trusted hacker via email all you have to do is follow his instructions and informations. he has been active all times for the past 6 years from now his email address is cyberkahn12@gmail. com. good luck 
",An-La-Crime-story provides various mysterious serials and novels based on female detective. Visit our website and check out the new and exciting Women Detective serials.,[WEB ONLY] [AdBlock OK] SD - ENGLISH [Stream #1](http://www.goindexsport.com/Basel---Ludogorets.html) ,0
76,Morty figure | handmade http://www.ebay.com/itm/182206318894,"No Advertising: Spam, referral links, unsolicited advertising, and promotional content are not allowed.",videos,FindSexToday . com - free girls for sex worldwide 25Rn9YwSYYyw18!,"IM not a spam account.  I promise. I just post this like in comment threads every once in a while. Easiest $315 EVER. CLICK IT,  that's all it takes. http://CashForInvite.com/?ref=92781","You can compare all of your investment options here organized by returns, risk etc. https://senzu.io/investing","I have a simple question: Why is my post being removed? I am advertising a software I created with 107 Overwatch tips that is on Fiverr.com.

For unknown reasons, this keeps getting removed and I am not getting a message saying why.

I read the rules, and from what I can understand you can link your Amazon page and ""other shopping centers"", so why not Fiverr? Am I missing something?

If you could tell me why this post is being removed, that would be great. Thanks!",0
77,"Selling Tyrande code. PM if interested.
http://imgur.com/a/72nk6","No Advertising: Spam, referral links, unsolicited advertising, and promotional content are not allowed.",hearthstone,look up girl-next-door  for  your city masturbate  in  http://trivatlafi1979.tumblr.com,"In the event you get weak or gentle erections, you are most likely battling with ED. Erectile dysfunction is more frequent than you can imagine. ED makes it impossible for you to satisfy the girl sexually and this could be a huge blow to your confidence.
http://levitra.global/levitra-originale.html","click here for more videos[Russian mafia messed w wrong guy -car ramming road rage
](http://funnyvideos4ask.blogspot.com/2016/11/russian-mafia-messed-w-wrong-guy-car.html)","We will be launching our stable not Niantic server straining Pokemon finder on Monday....will look like what most are used to..stay tuned or on [Twitter](https://twitter.com/pokefindernow)
On with the fun again! [Pokefinder](www.pokefindernow.com)",1
78,"Hey sweety, i need leave now if u want watch my nude photo i wait you here http://hookup12.com/ngosxrmfb","No Advertising: Spam, referral links, unsolicited advertising, and promotional content are not allowed.",aww,"EARN MONEY WITH ANDROID PHONE . 
JUST GO HERE 
http://rewardsempire.com/?ref=45472
100% Truated Website .. 
Try it for a while","[2 tickets to Drake & Future - $350 - Free shipping

Aug. 27 in Tampa]
(http://www.ebay.com/itm/Drake-Future-Summer-Sixteen-Tour-8-27-2016-Tampa-FL-2-Tickets-/291794445858?hash=item43f04de622:g:1A8AAOSwepJXYwD6)",Hey guys check out my video! https://www.youtube.com/channel/UCLd-PKH4O9IXxtLoyTW4c6Q,"[WTS] keys Windows 7/8/8.1/10 | Windows Server | Office | Visio | Project

https://redd.it/4wdv5b",1
79,"Hey sweety, i need leave now if u want watch my nude photo i wait you here http://hookup12.com/ngosxrmfb","No Advertising: Spam, referral links, unsolicited advertising, and promotional content are not allowed.",aww,look up hookers for jerk off in your city http://qgo.be/4vszt,FindSexToday . com - free girls for sex worldwide 300lyTm4KLIi24!,**HD** Stream :[Serie A simulcast](http://singidunum.club/sahd02.html) | Cro,"Very very interesting.

 You should check out my instagram page ""dailyetymology"" for more interesting etymology!",1
80,"Welcome to http://VintageGiftsUnlimited.com We Are a Online Home, Garden &Wedding Decor Store.Shop Now & Save!","No Advertising: Spam, referral links, unsolicited advertising, and promotional content are not allowed.",dataisbeautiful,"We (Lahore escorts) Have the most desirable escorts from All over the Lahore. We provide girls for sex, dating and dance parties with the 100% guarantee of satisfaction. call 03014811188 [ Teen escorts for Sex](http://www.vipfemaleescorts.com) ",FindSexToday . com - free girls for sex worldwide 31BTm9kWBTvH3!,"⭐️ Our preference is to TALK. So try to speak. Though typing is allowed too.

https://telegram.me/joinchat/Cg0iaz-Y8bJHFTD8NhWq7A","Latest Episode of Cele Comedy

IF I COLLECT (CELE COMEDY )(EPISODE 4)

Watch here : 
https://www.youtube.com/watch?v=qpqHqse8IDM

Download here

http://www.codedfilm.com/download/qpqHqse8IDM/if-i-collect-cele-comedy-episode-4-

Please remember to subscribe our YouTube channel tnx.",1
81,"Making your sportfishing tour a success is the top priority of the staff at Costa Rica Sportfishing Tours. With their expertise and commitment to quality, you will be sure to find the right fishing tour depending on what kind of fish you want to catch. 

http://costaricasportfishingtours.com/","No Advertising: Spam, referral links, unsolicited advertising, and promotional content are not allowed.",pics,"In the event you get weak or gentle erections, you are most likely battling with ED. Erectile dysfunction is more frequent than you can imagine. ED makes it impossible for you to satisfy the girl sexually and this could be a huge blow to your confidence.
http://levitra.global/levitra-originale.html","Hi guys! I with friends launched a free service for the sale or buy of Pokemon Go accounts. If you are interested, I invite to visit our website http://pokemongo-accounts.com/?utm_source=reddit.",hello jailbreakers i watch on video on ios 10.2 jailbreak with www.pangu10.mobi.   this realy works on ios unthethred jailbreak,SD Streams - [BeIN Sports La Liga - Spanish](http://tv.i-hdmovies.com/live-soccer-stream-10/) | [Sky Sports 3 - English 1](http://tv.i-hdmovies.com/live-soccer-stream-25/) | [English Stream 2](http://tv.i-hdmovies.com/live-soccer-wiz-stream-27/) | [English Stream 3](http://tv.i-hdmovies.com/live-soccer-freelivesport-stream-38/) | [English Stream 4](http://tv.i-hdmovies.com/live-soccer-soccerjumbo-stream-8/) | Mobile Compatible : NO | Ad Overlays: 3 | Pop,0
82,"SD Stream Esp - [BeIN Sports en Espanol](http://soccerpluslive.com/sd-eibar-vs-fc-sevilla-live-spanish-la-liga-17-sep-2016/) 

SD Stream Danish - [TV3 Sport 1 Denmark)](http://soccerpluslive.com/live-soccer-stream-19/)

SD Stream English - [Sky Sports 5)](http://soccerpluslive.com/live-soccer-stream-25/)

SD Stream CR - [Sportklub 3 Croatia)](http://soccerpluslive.com/live-soccer-stream-40/)

Mobile : Compatible With Android Puffin Browser","No Advertising: Spam, referral links, unsolicited advertising, and promotional content are not allowed.",soccerstreams,"Mmmmh ... interesting ... If u want to see more of my pics u can go there : http://www.pornhub.com/album/show_album?id=10528471
Tell me what you thin about them too <3
I also have twitter, I post there too :)
https://twitter.com/naked18yo8979","I don't take custom orders, but I do sell these and have a shop! https://www.etsy.com/shop/KnotBadCrochet?ref=hdr_shop_menu I also offer free shipping in the states :)",Buy a memory foam bed. Specifically Sensus memory foam.," [ **HD** 6000kbps /60FPS English Mobile:Yes ](http://www.gentistream.com/hd1.php) |  
",0
83,"Legal immigrants? Perhaps. Illegals? Well, they all committed at least one crime...",No legal advice: Do not offer or request legal advice.,politics,"Wrong. If providing ANY advice to clients in qualified plans, you are required now to act as, and be held legally liable, as a fiduciary, which means acting in the clients' best interests. ",You probably have grounds for an annulment for fraud. Your lawyer can tell you whether that's better for you than divorce. ,Jail costs too much money. A bullet to the head is way cheaper.,Who cares about that when I can keep raping in the hood?,1
84,"Already read it. Tldr DEPENDING on if she knew it was hyperbole or not, his speech actually would not be protected under the first amendment. And I've already stated in other replies the airline can do whatever they want. As a baker should be able to do what they want too.",No legal advice: Do not offer or request legal advice.,The_Donald,"If she's been representing herself as a guest, and she wouldn't be permitted as your subtenant, then the way forward is clear, since she's not a tenant. You can evict her immediately, or perhaps with a courtesy 3 day notice, and if she doesn't clear out you can go to court to have an eviction ordered.","Sue your father, destroy your relationship with him and report him to the police.

You can also sue for emotional damage, in addition to the physical damage of your PC.

Finally, go to the library and read a book on basic punctuation!",wait till he sleeps take his wallet and car keys empty bank account and disappear ,"Da fuck?  No, in this case, this particular spate of killings is motivated by dissimilar cultures rejecting one another, and that's not my fault.  I had literally nothing to do with any of this, I'm just objective enough to say that if you settle in a hardline country, expect backlash.  Myanmar is not Berkely.  Islam says to kill these people, so you're going to have to expect them to reject it in some very clear way.",1
85,"At parties, I only put rohypnol in my *own* drinks, for attention.",No legal advice: Do not offer or request legal advice.,whatisthisthing,"make multiple deposits to multiple banks, stay under the 10,000 limit that requires the special form and you'll be fine, some people regularly handle this amount of cash and it's routine to have to jump through these hoops, putting it in the mail is probably the worst idea to suggest",Muslim citizens that leave the country are not allowed back in.  This is a clear violation of equal protection laws.,"make sure the rope is tired securely before kicking the chair
","If you send me your login info, SSN, and security questions, I can go in and take a look for you to make sure everything is ok.",0
86,"[Well here you go, only 14 bucks!](https://www.teepublic.com/t-shirt/536396-doot) No idea how much shipping is though, couldn't imagine it's more than 10 bucks...","No Advertising: Spam, referral links, unsolicited advertising, and promotional content are not allowed.",gaming,"GO TO RACEWITHHONDA.COM TO WIN A CHANCE TO START A VERIZON INDYCAR SERIES RACE WITH A RACING LEGEND LIKE MARIO ANDRETTI! IT'S THE FASTEST SEAT IN SPOOOOOORTS!
", see  tits  sweet  at this point  http://sh.ors.it/PALI2,"**HD** [Burnley vs Middlesbrough] (http://www.premierleague-stream.net/live/middlesbrough-live-stream)

More Match : http://www.premierleague-stream.net",Why not this one instead? https://swagbymilo.com/products/we-shoot-back-tank-mens,0
87,"Oh most definitely. At the least, it's assault and battery. At the worst, it's sexual assault. ",No legal advice: Do not offer or request legal advice.,relationships,Congrats - you bred with an unfit mother. Now actually do the right thing as a parent and get a divorce and file for sole custody - good god,"You can't denied a benefit you were previously granted without a hearing either. That's a taking by the government. Here, there's a bit of a question of whether they had a benefit revoked or whether they had a permission that was revoked. That's pretty much what the lawsuit is gonna determine, but we will only know the answer to that if we have a lawsuit over it. ","Sell your Herman Miller stock.  There are going to be class-actions.

But worker's comp will cover your heart transplant.","If you masturbate before the age of 18, you're statutory raping yourself.",0
88,He was a felon. He could not legally carry regardless of open or concealed. ,No legal advice: Do not offer or request legal advice.,news,That's called fraud(at least in my state). Call your attorney general's office.,"I would find an Illinois attorney who has negotiated these deals previously. I believe I can help you find such an attorney. And don't let them just tell you, ""I've done many of these deals.."" 

Get references. People who own property with these towers who HE or SHE did the lease negotiations. A little hard work now will make you way more money. When this attorney shows up at the table, they will know, oh, crap, this guy knows what the deal should look like. ","Hahahaha we are very supportive of your right to speak freely; however, there's a line between genuine criticism and outright partisan hysteria.  Your sub screams fire in a movie theatre on a daily basis - that's not speech protected by the First Amendment.  'Retracting' a story a week after it goes viral is not an adequate remedy - the damage has already been done and retractions don't go viral.  Btw, a retraction is an admission for publishing Fake News ",Thats *exactly* blackmail u fucking idiot. google the definition.,1
89,"A Girl's 21st Century Guide to Sex episode 5 has pretty good advise on anal sex for the most part, except for the one so called expert claiming you you won't have fecal matter lingering in your intestine https://youtu.be/ZaN-gWQLCBQ

Here's a petty good article on anal sex http://www.askmen.com/dating/love_tip/548_anal-sex-prep-guide.html

I don't really know of anything that covers toys though.",No legal advice: Do not offer or request legal advice.,sex,"I regularly have sex with a girl about this age. Well, more like she regularly has sex with me.  The only thing she's in danger of is learning how to consume alcohol in a responsible manner.

Strangely, it's legal for us to have sex but I'm not so sure about it being legal for her to drink.

","Tell them you want to take possession of the actual appendix. I'm sure in China there are some mystical powers that you can profit from, either whole or as a powder. If they say they disposed of it, threaten to sue, or forgive their mistake if they cancel the invoice. ",Depends how much you want to keep your liquor license.  ,This sounds like victim blaming.  Is it not rape if the victim decides to not press the issue?,0
90,"Do you want to earn a legitimate cash online? Join bitcoinker now and start earning some cash with your bitcoin address. Go to this link: https://bitcoinker.com/r=1ECH8TbEVpZSyLHauF1FKpPC7YQJcRAmZP , provide your bitcoin address, solve the captchar and claim your bitcoin.  Don't have a bitcoin address? sign up at https://www.coinbase.com/join/5864bf05c2d1053e068a2bf8 and get your bitcoin address. ","No Advertising: Spam, referral links, unsolicited advertising, and promotional content are not allowed.",aww,42 http://MySexFind.com - find girl for sex now 42!,"Save on Medicine!!  Save over $700 a month on Abilify
 NO membership required.  I am not affiliated with this website I just wasted nearly $200 this month on medicine and wanted to share! https://www.generosity.com/medical-fundraising/social-experiment-cheaper-meds-for-everyone/x/12935804  please share on facebook and twitter thanks!﻿","Ive got an Bayonet | Damascus Steel ft, if your're interested 

https://steamcommunity.com/tradeoffer/new/?partner=215103279&token=fCan2TeW",I review movies so check me out guys! I take requests https://m.youtube.com/watch?v=WtAI4uIKYxQ,1
91,"Just sink off their vessels. They might release the fishermen but the loss of a ship for sure will hurt the fishers themself. And while you are at it accidentally maybe sink one of when you are chasing them with the fishermen, for sure that should make them a bit more wary too.",No legal advice: Do not offer or request legal advice.,worldnews,"Hahaha...there is this funny thing called DNA paternal testing.  You had sex; you created a child; you pay child support.  That is the way that the game is played.

Get some therapy, get a lawyer, get some family support and don't say anything in writing or text that can be held against you.  Freaking out is normal.  Being an asshole leaves permanent scars.","All documents like that have to be served by Certified mail, or else it will not be considered a valid delivery attempt. Otherwise, anyone can say anything and have it be a valid notification. Certified mail is trackable and can be held up in court. A mail slot delivery, by the landlord himself, will not. At all.

The landlord is a fucking idiot ","Only a retard would get scammed there. There's ZERO logic to buy from that crappy subreddit. ""Oh look, I paid some neckbeard from Reddit to pirate Windows for me"". Do it yourself or pay the full $100. Not that fucking hard. Downvote me to hell for this, I don't care. I will give anyone who PMs me directions on how to pirate it yourself.","Gather another friend or student or teacher. Place money out in the open in bag from certain area that the suspect knows. ( place bag where suspect has easy access)
Theifs don't usually have great temptation restraints.
Leave backpack in class to use restroom while your gone the their may attempt to do a quick scan of room before attempting to take money so your partner needs to lay low when and if student takes money now you have a witness.",0
92,Not really uplifting. Now legally if they split he has to pay child support and she could go after him for 16-18 years of back support.,No legal advice: Do not offer or request legal advice.,UpliftingNews,"I'm also not a lawyer, but if you were asked (unlikely but possible) you could always just claim that it was a roll up cigarette and you were smoking tobacco, they'd have a bloody hard time proving otherwise with only a photo to go on. ","Sue your father, destroy your relationship with him and report him to the police.

You can also sue for emotional damage, in addition to the physical damage of your PC.

Finally, go to the library and read a book on basic punctuation!","Heard you might have their address, it could be time for a friendly chat about business ethics.","It looks like it could be a sterile cotton swab. Your child may be in deeper than you think - I know a lot of drug pushers that keep these for their customers. Does your child's friends ever call him ""doctor"" or ""John Doe MD""?",1
93,"Earn 50,000 bonus points with Chase Sapphire Preferred®. Learn more at  https://applynow.chase.com/FlexAppWeb/renderApp.do?PID=CFFD2&SPID=FHRJ&CELL=600V&MSC=1532571015 #sponsored","No Advertising: Spam, referral links, unsolicited advertising, and promotional content are not allowed.",churning,"Hi, in case you are looking for cutting edge hacking solutions with the most effective results, I suggest you hire a hacker, i saw his info on a friend's post 
contact cyberking22@hackermail.com  he can help you  Spy On Your Partner To Test Their Sincerity, hack into any social network, devices, also he can help you track any device as he helped me.","Complete SURVEYS☆PAID OFFERS ☆ CONTEST & PRIZES Simply earn $1.00 and get paid via Instant PayPal, Payza, Bitcoin
Skrill & Amazon gift Cards ...
http://www.superpay.me/members/withdraw/list.php?refid=465010
","SD EN Stream | [Stable Quality](http://firstrowsports.info/football/watch85.html) | Mobile,No

stream goes live just before game time","kmckia
#4998

https://steamcommunity.com/tradeoffer/new/?partner=42812751&token=OEbgCaax",1
94,"They don't really apply to farms in general, AFAIK. 

Also, family owned businesses are typically somewhat exempt from many child labor laws, if it's your own child. This is my understanding at least.",No legal advice: Do not offer or request legal advice.,AskReddit,"1. Just assuming your husbands rights were read to him. People lie all this time about this.
2. Don't talk to the cops. It's how they bust people all the time.
3. Lawyer, now.",He should be able to handle stress better and not mistreat you. FYI stress get to everyone but no one acts this dickish unless they already were a dick. Dont write the letter tell him its over amd get a roomate to help pay house bills. If he refuses to leave contact a lwayer to see about finding options to evict him / what are your options. He pretty much is a deadweight. Don't let him sink/drown you. ,"moltovs and other bombs are *very easy* to make and throw. Just saying, if it comes to it to protect your family",I take 300 MG Bupropion hcl xl. Twenty something athletic male with overall good health (triathlete) but with a history of asthma (rarely an issue). I'm curious about trying acid but have been told it's a no no for someone on what I'm on... Is there any validity in that? Would I kill myself if I tripped? I really want to see down the rabbit hole....,1
95,"Use my code for Csgoroll.com  :)
For free $0.50 to play or redeem skin. Thanks
Code : Meal﻿","No Advertising: Spam, referral links, unsolicited advertising, and promotional content are not allowed.",GlobalOffensive,"Earn **50,000 bonus points** with Chase Sapphire Preferred®. Learn more at  

https://applynow.chase.com/FlexAppWeb/renderApp.do?PID=CFFD2&SPID=FHRJ&CELL=600V&MSC=1526984291","Selling Tyrande code for 3€ to paypal. PM if interested.

Proof of satisfied Tyrande owners: http://imgur.com/a/jydZ7 http://imgur.com/a/jIQGQ
","
SD Stream [Arsenal vs Crystal Palace English Stream 1](http://www.nfl2017live.ml/p/blog-page_1.html) | [ Arsenal vs Crystal Palace English Stream 2](http://www.nfl2017live.ml/p/blog-page_79.html)    

Mobile : Not Compatible  ","FREE HOME IMPROVEMENT QUOTES!

https://www.idevaffiliate.com/33353/107.html",1
96,"Read Tom Clancy's, WITHOUT REMORSE, you will know what to do, or the old movie series with Charles Bronson, DEATH WISH. yup, some good ideas there.",No legal advice: Do not offer or request legal advice.,TwoXChromosomes,"This study is propaganda.  Yes, background checks are required in every state.  But this study is saying, ""45 states don't require background checks!""  And that is only true in the sense that, the states themselves *don't need to* require background checks, since Federal law already does require them, and applies even to transactions that occur wholly within a single state.  It's just straight dishonest, afaict.",You could take a chance and skip taxes for that year. They only check a small percent. Or ask for an extension on yours taxes from a CPA and pay them later.,"8 years is a short period?

Anyway, it's called a blind trust and it's standard. If he wants to control optics, he needs a blind trust and his kids can only be employees not owners.","A quick Google search found this: ""you can trick the card into thinking it’s doing a chip-and-signature transaction while the terminal thinks it’s chip-and-PIN. The upshot is that you can buy stuff using a stolen card and a PIN of 0000 (or anything you want).""

Source: http://securityaffairs.co/wordpress/25134/cyber-crime/chip-and-pin-cloning.html",0
97,"hello, who love watching the movies for free ? in this website You will enjoy with high quality  : http://youwatch-series.org/","No Advertising: Spam, referral links, unsolicited advertising, and promotional content are not allowed.",movies,Earn $150 cash back with Chase Freedom®.  Apply at  https://applynow.chase.com/FlexAppWeb/renderApp.do?SPID=FJF6&CELL=63HB&MSC=1504481202 #sponsored,buy my shirt because i want to buy ganja!: https://teespring.com/cat-on-a-horse1#pid=369&cid=6513&sid=front,"post this video on your account pls <3 : https://www.youtube.com/watch?v=NcfX19NtkTo
","/r/krat0m <-subscribe for free kilo of strong kratom! Tonight at 8pm is drawing. 

Enter more than once!

Its a great sub too! Learn and have fun! Please help out. Its super new. But will be loaded with great content!",0
98,"Should be said as well: Don't accept any offers from the authorities to be an informant for them. They try to get untrained young people to do the dangerous work, and people have ended up dead from being exposed as police informants.",No legal advice: Do not offer or request legal advice.,legaladvice,"If you're underage, call the cops and tell them that he has an electronic device with your nude pics on it. Handcuffs.","I've read all ARS sections involving this very topic so I wouldn't be arrested when I was younger, and if they were dating before he turned 18 then it's legal, if it's within two years. ","The real zinger here is out of all the stupid shit Trump has said, nothing he has done is illegal.  Hillary on the other hand has done many illegal shady shit in her career.","make sure the rope is tired securely before kicking the chair
",1
99,"Shop at Golden Nugget Jewelers for Engagement Rings & GIA Diamonds. Authorized retailer of Tacori, Verragio & more. Enjoy Financing Options & Best Diamond Price Guarantee.http://www.goldennuggetjewelry.com/diamond-necklaces","No Advertising: Spam, referral links, unsolicited advertising, and promotional content are not allowed.",AskReddit, bitches  for free  at this point  show all  http://ur.my/212hg,"We support whistle blowers and have a really cool new Guccifer tshirt, checkit out: https://www.chiliknits.com/product/guccifer/",its my asreddit https://www.youtube.com/watch?v=9lx30K_qP8w,"Remember to use a [recruit a friend link](https://battle.net/recruit/S8M85QC2XS) if it is the first time playing or you are at most level 5. That way you'll for free also unlock Raynor, Sylvanas and a stim pack.",1
